movie_id,country_id
0,GB
1,US
2,GB
3,GB
4,GB
5,US
6,US
7,US
8,GB
9,US
10,US
11,GB
12,US
13,GB
14,US
15,US
16,US
17,GB
18,GB
19,US
20,US
21,GB
22,US
23,GB
24,US
25,GB
26,GB
27,US
28,GB
29,GB
30,GB
31,US
32,GB
33,GB
34,GB
35,US
36,US
37,US
38,US
39,GB
40,GB
41,US
42,GB
43,GB
44,US
45,US
46,US
47,US
48,GB
49,GB
50,US
51,US
52,GB
53,US
54,US
55,US
56,GB
57,GB
58,GB
59,US
60,US
61,US
62,GB
63,GB
64,US
65,GB
66,GB
67,GB
68,US
69,GB
70,US
71,US
72,GB
73,US
74,US
75,US
76,GB
77,US
78,GB
79,US
80,GB
81,US
82,GB
83,GB
84,US
85,US
86,US
87,US
88,GB
89,US
90,US
91,GB
92,US
93,GB
94,GB
95,GB
96,US
97,US
98,GB
99,GB
100,GB
101,GB
102,US
103,GB
104,GB
105,GB
106,US
107,GB
108,US
109,US
110,GB
111,US
112,GB
113,US
114,US
115,GB
116,US
117,US
118,GB
119,US
120,GB
121,GB
122,GB
123,US
124,US
125,GB
126,GB
127,GB
128,GB
129,US
130,GB
131,US
132,US
133,US
134,GB
135,US
136,US
137,US
138,US
139,GB
140,GB
141,US
142,US
143,GB
144,US
145,US
146,GB
147,GB
148,GB
149,US
150,US
151,GB
152,US
153,US
154,US
155,GB
156,GB
157,US
158,GB
159,GB
160,GB
161,GB
162,GB
163,GB
164,US
165,GB
166,GB
167,US
168,US
169,US
170,US
171,GB
172,US
173,US
174,GB
175,US
176,US
177,US
178,US
179,US
180,GB
181,GB
182,US
183,US
184,GB
185,GB
186,GB
187,GB
188,GB
189,GB
190,GB
191,GB
192,US
193,GB
194,US
195,GB
196,US
197,US
198,US
199,GB
200,GB
201,GB
202,GB
203,US
204,US
205,US
206,GB
207,GB
208,US
209,GB
210,US
211,US
212,US
213,US
214,GB
215,GB
216,GB
217,GB
218,US
219,GB
220,US
221,GB
222,GB
223,US
224,GB
225,US
226,GB
227,US
228,GB
229,US
230,US
231,US
232,GB
233,GB
234,GB
235,GB
236,US
237,US
238,GB
239,GB
240,US
241,US
242,GB
243,GB
244,US
245,GB
246,US
247,US
248,GB
249,US
250,GB
251,US
252,GB
253,GB
254,US
255,US
256,US
257,US
258,GB
259,US
260,US
261,US
262,US
263,US
264,US
265,GB
266,US
267,US
268,GB
269,US
270,US
271,GB
272,US
273,GB
274,GB
275,US
276,US
277,GB
278,GB
279,GB
280,GB
281,US
282,GB
283,US
284,US
285,US
286,US
287,US
288,GB
289,GB
290,US
291,US
292,US
293,GB
294,GB
295,US
296,GB
297,GB
298,US
299,GB
300,US
301,GB
302,US
303,US
304,US
305,GB
306,US
307,GB
308,GB
309,GB
310,US
311,GB
312,GB
313,GB
314,US
315,GB
316,US
317,GB
318,GB
319,US
320,GB
321,US
322,US
323,GB
324,US
325,GB
326,US
327,US
328,US
329,GB
330,US
331,US
332,GB
333,US
334,US
335,GB
336,US
337,GB
338,GB
339,GB
340,US
341,GB
342,US
343,GB
344,GB
345,GB
346,US
347,GB
348,GB
349,GB
350,GB
351,US
352,GB
353,GB
354,US
355,GB
356,US
357,GB
358,GB
359,GB
360,US
361,US
362,GB
363,US
364,GB
365,GB
366,US
367,GB
368,US
369,US
370,GB
371,GB
372,GB
373,US
374,GB
375,GB
376,GB
377,US
378,US
379,US
380,US
381,GB
382,GB
383,GB
384,GB
385,US
386,GB
387,GB
388,GB
389,GB
390,US
391,US
392,US
393,US
394,US
395,GB
396,US
397,GB
398,US
399,GB
400,US
401,GB
402,GB
403,GB
404,GB
405,US
406,GB
407,GB
408,GB
409,GB
410,GB
411,US
412,US
413,US
414,GB
415,US
416,GB
417,GB
418,GB
419,US
420,US
421,US
422,GB
423,US
424,GB
425,GB
426,US
427,GB
428,GB
429,GB
430,GB
431,GB
432,GB
433,US
434,GB
435,US
436,US
437,US
438,US
439,GB
440,US
441,GB
442,US
443,GB
444,GB
445,GB
446,US
447,GB
448,GB
449,GB
450,GB
451,GB
452,US
453,US
454,US
455,GB
456,GB
457,GB
458,GB
459,US
460,GB
461,GB
462,US
463,GB
464,US
465,US
466,GB
467,US
468,US
469,GB
470,GB
471,US
472,US
473,US
474,GB
475,US
476,US
477,US
478,GB
479,US
480,US
481,US
482,US
483,GB
484,US
485,GB
486,GB
487,US
488,US
489,US
490,GB
491,US
492,US
493,US
494,US
495,US
496,GB
497,US
498,GB
499,GB
500,US
501,US
502,GB
503,US
504,US
505,GB
506,US
507,US
508,US
509,GB
510,US
511,GB
512,GB
513,US
514,GB
515,US
516,GB
517,GB
518,US
519,GB
520,US
521,GB
522,US
523,GB
524,US
525,GB
526,GB
527,US
528,US
529,GB
530,GB
531,US
532,US
533,US
534,GB
535,US
536,GB
537,GB
538,US
539,GB
540,GB
541,GB
542,GB
543,GB
544,US
545,GB
546,GB
547,US
548,GB
549,GB
550,US
551,GB
552,US
553,US
554,US
555,US
556,GB
557,GB
558,US
559,US
560,GB
561,GB
562,GB
563,GB
564,GB
565,GB
566,US
567,GB
568,US
569,US
570,US
571,US
572,US
573,GB
574,GB
575,US
576,GB
577,US
578,GB
579,US
580,GB
581,GB
582,US
583,US
584,GB
585,US
586,US
587,US
588,US
589,GB
590,US
591,GB
592,US
593,GB
594,US
595,US
596,US
597,GB
598,GB
599,GB
600,US
601,US
602,GB
603,US
604,US
605,GB
606,GB
607,GB
608,US
609,US
610,US
611,US
612,GB
613,GB
614,US
615,GB
616,GB
617,US
618,US
619,US
620,GB
621,GB
622,GB
623,GB
624,GB
625,US
626,US
627,US
628,US
629,US
630,US
631,GB
632,GB
633,US
634,GB
635,GB
636,GB
637,GB
638,US
639,US
640,GB
641,US
642,GB
643,GB
644,GB
645,US
646,US
647,US
648,US
649,US
650,GB
651,US
652,US
653,US
654,GB
655,GB
656,US
657,GB
658,GB
659,GB
660,US
661,GB
662,GB
663,GB
664,GB
665,US
666,US
667,GB
668,US
669,GB
670,US
671,US
672,GB
673,GB
674,US
675,GB
676,GB
677,GB
678,US
679,GB
680,US
681,GB
682,US
683,GB
684,US
685,US
686,GB
687,US
688,GB
689,US
690,GB
691,GB
692,GB
693,US
694,GB
695,US
696,GB
697,US
698,GB
699,GB
700,GB
701,US
702,US
703,GB
704,GB
705,GB
706,US
707,GB
708,US
709,GB
710,GB
711,GB
712,GB
713,US
714,US
715,US
716,US
717,GB
718,GB
719,US
720,GB
721,GB
722,US
723,GB
724,GB
725,US
726,GB
727,US
728,US
729,US
730,GB
731,US
732,US
733,GB
734,GB
735,GB
736,GB
737,GB
738,US
739,US
740,US
741,US
742,US
743,US
744,GB
745,GB
746,GB
747,GB
748,GB
749,GB
750,US
751,US
752,US
753,US
754,GB
755,GB
756,US
757,GB
758,GB
759,GB
760,GB
761,US
762,US
763,US
764,GB
765,GB
766,GB
767,GB
768,GB
769,GB
770,GB
771,GB
772,GB
773,US
774,GB
775,US
776,US
777,US
778,GB
779,GB
780,US
781,GB
782,GB
783,US
784,US
785,US
786,US
787,US
788,GB
789,GB
790,US
791,GB
792,GB
793,GB
794,US
795,GB
796,US
797,US
798,US
799,GB
800,GB
801,US
802,US
803,US
804,US
805,US
806,US
807,GB
808,GB
809,US
810,US
811,US
812,US
813,US
814,US
815,GB
816,US
817,GB
818,US
819,US
820,US
821,US
822,US
823,US
824,GB
825,US
826,US
827,US
828,GB
829,GB
830,GB
831,GB
832,US
833,GB
834,US
835,US
836,US
837,US
838,US
839,GB
840,GB
841,GB
842,US
843,GB
844,GB
845,US
846,GB
847,GB
848,US
849,US
850,GB
851,GB
852,GB
853,US
854,US
855,US
856,GB
857,GB
858,GB
859,GB
860,US
861,GB
862,GB
863,GB
864,US
865,GB
866,GB
867,US
868,US
869,GB
870,GB
871,US
872,US
873,GB
874,US
875,US
876,GB
877,US
878,US
879,US
880,US
881,US
882,GB
883,US
884,US
885,US
886,US
887,GB
888,GB
889,US
890,US
891,GB
892,US
893,US
894,US
895,US
896,GB
897,US
898,US
899,US
900,US
901,GB
902,US
903,US
904,GB
905,US
906,GB
907,GB
908,US
909,US
910,US
911,US
912,US
913,US
914,GB
915,GB
916,GB
917,GB
918,GB
919,GB
920,GB
921,GB
922,US
923,US
924,GB
925,GB
926,GB
927,GB
928,US
929,US
930,GB
931,US
932,GB
933,US
934,GB
935,US
936,US
937,GB
938,GB
939,US
940,US
941,US
942,US
943,US
944,US
945,US
946,GB
947,US
948,US
949,US
950,US
951,GB
952,GB
953,US
954,US
955,GB
956,GB
957,GB
958,US
959,US
960,GB
961,GB
962,US
963,US
964,GB
965,GB
966,GB
967,GB
968,US
969,US
970,GB
971,US
972,US
973,GB
974,GB
975,US
976,GB
977,GB
978,GB
979,US
980,US
981,US
982,GB
983,GB
984,GB
985,US
986,GB
987,US
988,GB
989,GB
990,GB
991,GB
992,GB
993,US
994,GB
995,GB
996,GB
997,GB
998,GB
999,GB
1000,GB
1001,GB
1002,US
1003,US
1004,GB
1005,GB
1006,GB
1007,GB
1008,GB
1009,GB
1010,GB
1011,GB
1012,GB
1013,GB
1014,US
1015,GB
1016,US
1017,GB
1018,GB
1019,US
1020,US
1021,GB
1022,US
1023,GB
1024,US
1025,US
1026,GB
1027,GB
1028,GB
1029,US
1030,US
1031,US
1032,GB
1033,GB
1034,GB
1035,GB
1036,GB
1037,US
1038,US
1039,US
1040,US
1041,GB
1042,US
1043,US
1044,US
1045,US
1046,US
1047,GB
1048,GB
1049,US
1050,US
1051,GB
1052,US
1053,GB
1054,US
1055,GB
1056,US
1057,GB
1058,US
1059,US
1060,US
1061,GB
1062,US
1063,US
1064,US
1065,GB
1066,US
1067,GB
1068,US
1069,GB
1070,US
1071,GB
1072,US
1073,US
1074,US
1075,US
1076,US
1077,US
1078,US
1079,US
1080,US
1081,GB
1082,GB
1083,US
1084,US
1085,GB
1086,GB
1087,GB
1088,US
1089,GB
1090,US
1091,GB
1092,GB
1093,US
1094,US
1095,US
1096,US
1097,GB
1098,GB
1099,US
1100,US
1101,US
1102,GB
1103,GB
1104,GB
1105,GB
1106,GB
1107,GB
1108,GB
1109,US
1110,US
1111,GB
1112,GB
1113,GB
1114,GB
1115,GB
1116,GB
1117,GB
1118,GB
1119,GB
1120,US
1121,GB
1122,US
1123,GB
1124,US
1125,US
1126,GB
1127,GB
1128,US
1129,US
1130,GB
1131,GB
1132,GB
1133,US
1134,GB
1135,GB
1136,GB
1137,GB
1138,US
1139,US
1140,US
1141,US
1142,US
1143,US
1144,GB
1145,GB
1146,GB
1147,GB
1148,GB
1149,GB
1150,GB
1151,US
1152,US
1153,GB
1154,GB
1155,GB
1156,US
1157,GB
1158,US
1159,US
1160,US
1161,GB
1162,GB
1163,GB
1164,GB
1165,US
1166,GB
1167,GB
1168,US
1169,US
1170,GB
1171,GB
1172,GB
1173,US
1174,GB
1175,US
1176,US
1177,GB
1178,GB
1179,US
1180,GB
1181,US
1182,GB
1183,GB
1184,US
1185,US
1186,GB
1187,GB
1188,GB
1189,US
1190,GB
1191,US
1192,US
1193,US
1194,US
1195,US
1196,GB
1197,US
1198,US
1199,GB
1200,GB
1201,US
1202,GB
1203,US
1204,US
1205,GB
1206,US
1207,GB
1208,GB
1209,GB
1210,US
1211,US
1212,GB
1213,US
1214,US
1215,US
1216,US
1217,US
1218,US
1219,US
1220,GB
1221,GB
1222,GB
1223,GB
1224,GB
1225,US
1226,GB
1227,GB
1228,GB
1229,GB
1230,US
1231,US
1232,GB
1233,US
1234,US
1235,GB
1236,GB
1237,GB
1238,GB
1239,GB
1240,GB
1241,US
1242,US
1243,US
1244,GB
1245,US
1246,GB
1247,US
1248,GB
1249,GB
1250,GB
1251,GB
1252,US
1253,US
1254,GB
1255,US
1256,GB
1257,GB
1258,GB
1259,US
1260,GB
1261,US
1262,GB
1263,GB
1264,GB
1265,US
1266,US
1267,GB
1268,US
1269,GB
1270,GB
1271,US
1272,GB
1273,GB
1274,GB
1275,GB
1276,GB
1277,GB
1278,US
1279,GB
1280,US
1281,US
1282,GB
1283,US
1284,US
1285,US
1286,GB
1287,GB
1288,US
1289,US
1290,US
1291,US
1292,US
1293,GB
1294,GB
1295,GB
1296,GB
1297,GB
1298,GB
1299,GB
1300,GB
1301,GB
1302,GB
1303,US
1304,GB
1305,US
1306,US
1307,GB
1308,US
1309,US
1310,US
1311,GB
1312,US
1313,US
1314,US
1315,US
1316,GB
1317,GB
1318,GB
1319,GB
1320,US
1321,US
1322,US
1323,GB
1324,GB
1325,US
1326,US
1327,GB
1328,GB
1329,US
1330,GB
1331,US
1332,GB
1333,GB
1334,GB
1335,GB
1336,US
1337,GB
1338,US
1339,US
1340,GB
1341,US
1342,US
1343,US
1344,GB
1345,US
1346,US
1347,US
1348,GB
1349,GB
1350,US
1351,GB
1352,US
1353,GB
1354,US
1355,US
1356,US
1357,US
1358,GB
1359,GB
1360,US
1361,US
1362,US
1363,US
1364,GB
1365,GB
1366,GB
1367,GB
1368,US
1369,GB
1370,US
1371,GB
1372,GB
1373,US
1374,GB
1375,US
1376,GB
1377,US
1378,GB
1379,GB
1380,US
1381,GB
1382,GB
1383,GB
1384,US
1385,GB
1386,US
1387,US
1388,GB
1389,GB
1390,US
1391,GB
1392,GB
1393,US
1394,US
1395,US
1396,GB
1397,GB
1398,US
1399,US
1400,GB
1401,GB
1402,US
1403,GB
1404,US
1405,US
1406,GB
1407,US
1408,US
1409,GB
1410,US
1411,US
1412,US
1413,US
1414,GB
1415,GB
1416,US
1417,US
1418,GB
1419,US
1420,GB
1421,US
1422,US
1423,US
1424,US
1425,US
1426,US
1427,US
1428,GB
1429,US
1430,GB
1431,US
1432,US
1433,US
1434,US
1435,US
1436,GB
1437,US
1438,US
1439,GB
1440,GB
1441,GB
1442,US
1443,US
1444,GB
1445,GB
1446,US
1447,GB
1448,US
1449,GB
1450,GB
1451,GB
1452,GB
1453,US
1454,GB
1455,US
1456,US
1457,US
1458,GB
1459,US
1460,GB
1461,US
1462,US
1463,US
1464,GB
1465,US
1466,GB
1467,US
1468,US
1469,GB
1470,GB
1471,US
1472,US
1473,US
1474,GB
1475,GB
1476,US
1477,GB
1478,US
1479,US
1480,US
1481,US
1482,US
1483,GB
1484,US
1485,US
1486,GB
1487,US
1488,US
1489,US
1490,GB
1491,GB
1492,US
1493,GB
1494,GB
1495,US
1496,US
1497,GB
1498,GB
1499,US
1500,US
1501,US
1502,US
1503,GB
1504,US
1505,GB
1506,GB
1507,US
1508,US
1509,GB
1510,GB
1511,GB
1512,US
1513,GB
1514,US
1515,GB
1516,GB
1517,US
1518,GB
1519,GB
1520,GB
1521,US
1522,GB
1523,GB
1524,GB
1525,US
1526,GB
1527,GB
1528,GB
1529,US
1530,GB
1531,US
1532,US
1533,GB
1534,US
1535,GB
1536,US
1537,US
1538,US
1539,GB
1540,US
1541,US
1542,US
1543,GB
1544,US
1545,US
1546,GB
1547,GB
1548,US
1549,US
1550,US
1551,GB
1552,GB
1553,US
1554,US
1555,US
1556,US
1557,US
1558,GB
1559,GB
1560,US
1561,GB
1562,GB
1563,GB
1564,US
1565,GB
1566,GB
1567,GB
1568,GB
1569,US
1570,GB
1571,GB
1572,GB
1573,US
1574,GB
1575,GB
1576,GB
1577,US
1578,US
1579,GB
1580,US
1581,US
1582,US
1583,US
1584,US
1585,US
1586,US
1587,GB
1588,US
1589,GB
1590,GB
1591,US
1592,US
1593,US
1594,US
1595,GB
1596,US
1597,US
1598,US
1599,GB
1600,US
1601,US
1602,US
1603,GB
1604,GB
1605,GB
1606,US
1607,GB
1608,GB
1609,GB
1610,GB
1611,US
1612,GB
1613,GB
1614,GB
1615,GB
1616,GB
1617,US
1618,GB
1619,GB
1620,GB
1621,US
1622,US
1623,US
1624,US
1625,US
1626,US
1627,GB
1628,GB
1629,US
1630,US
1631,US
1632,GB
1633,US
1634,US
1635,US
1636,US
1637,US
1638,GB
1639,GB
1640,US
1641,US
1642,GB
1643,GB
1644,US
1645,US
1646,US
1647,GB
1648,US
1649,US
1650,US
1651,US
1652,US
1653,US
1654,GB
1655,US
1656,US
1657,US
1658,US
1659,GB
1660,US
1661,GB
1662,US
1663,GB
1664,GB
1665,GB
1666,GB
1667,US
1668,US
1669,GB
1670,US
1671,GB
1672,US
1673,GB
1674,GB
1675,GB
1676,GB
1677,GB
1678,US
1679,US
1680,US
1681,US
1682,US
1683,GB
1684,GB
1685,US
1686,GB
1687,US
1688,GB
1689,US
1690,US
1691,GB
1692,US
1693,US
1694,US
1695,US
1696,US
1697,US
1698,US
1699,GB
1700,GB
1701,US
1702,GB
1703,US
1704,GB
1705,GB
1706,US
1707,GB
1708,GB
1709,US
1710,GB
1711,GB
1712,GB
1713,GB
1714,US
1715,GB
1716,GB
1717,US
1718,GB
1719,GB
1720,US
1721,US
1722,US
1723,GB
1724,US
1725,US
1726,US
1727,US
1728,GB
1729,GB
1730,US
1731,GB
1732,GB
1733,GB
1734,GB
1735,US
1736,US
1737,US
1738,GB
1739,US
1740,US
1741,US
1742,US
1743,US
1744,US
1745,US
1746,US
1747,US
1748,GB
1749,US
1750,GB
1751,GB
1752,GB
1753,US
1754,US
1755,US
1756,GB
1757,US
1758,GB
1759,GB
1760,GB
1761,US
1762,US
1763,US
1764,GB
1765,GB
1766,US
1767,US
1768,US
1769,US
1770,GB
1771,GB
1772,GB
1773,US
1774,GB
1775,GB
1776,US
1777,GB
1778,US
1779,GB
1780,GB
1781,US
1782,US
1783,GB
1784,US
1785,GB
1786,US
1787,GB
1788,US
1789,GB
1790,US
1791,US
1792,US
1793,GB
1794,GB
1795,GB
1796,GB
1797,GB
1798,US
1799,GB
1800,GB
1801,GB
1802,GB
1803,GB
1804,US
1805,US
1806,US
1807,US
1808,US
1809,GB
1810,US
1811,GB
1812,GB
1813,GB
1814,US
1815,US
1816,GB
1817,US
1818,GB
1819,GB
1820,GB
1821,GB
1822,US
1823,US
1824,US
1825,GB
1826,GB
1827,GB
1828,US
1829,US
1830,GB
1831,US
1832,US
1833,US
1834,US
1835,GB
1836,US
1837,GB
1838,US
1839,GB
1840,GB
1841,GB
1842,US
1843,GB
1844,US
1845,US
1846,GB
1847,US
1848,GB
1849,GB
1850,GB
1851,US
1852,GB
1853,US
1854,US
1855,GB
1856,US
1857,US
1858,US
1859,US
1860,US
1861,US
1862,GB
1863,US
1864,US
1865,GB
1866,US
1867,GB
1868,US
1869,US
1870,US
1871,US
1872,US
1873,US
1874,GB
1875,GB
1876,US
1877,GB
1878,GB
1879,GB
1880,GB
1881,US
1882,GB
1883,US
1884,GB
1885,US
1886,US
1887,US
1888,US
1889,US
1890,US
1891,GB
1892,US
1893,GB
1894,GB
1895,US
1896,GB
1897,US
1898,GB
1899,US
1900,US
1901,US
1902,US
1903,GB
1904,GB
1905,GB
1906,GB
1907,GB
1908,GB
1909,GB
1910,US
1911,GB
1912,US
1913,US
1914,GB
1915,GB
1916,GB
1917,US
1918,US
1919,GB
1920,US
1921,GB
1922,US
1923,US
1924,GB
1925,GB
1926,US
1927,US
1928,US
1929,GB
1930,GB
1931,US
1932,US
1933,US
1934,US
1935,US
1936,US
1937,US
1938,US
1939,US
1940,US
1941,US
1942,US
1943,US
1944,US
1945,US
1946,US
1947,US
1948,US
1949,GB
1950,US
1951,GB
1952,GB
1953,US
1954,GB
1955,US
1956,GB
1957,GB
1958,GB
1959,US
1960,US
1961,US
1962,GB
1963,US
1964,GB
1965,GB
1966,US
1967,US
1968,US
1969,GB
1970,US
1971,GB
1972,GB
1973,GB
1974,US
1975,US
1976,US
1977,GB
1978,GB
1979,US
1980,US
1981,US
1982,GB
1983,GB
1984,US
1985,US
1986,US
1987,US
1988,GB
1989,US
1990,US
1991,GB
1992,GB
1993,US
1994,GB
1995,US
1996,GB
1997,GB
1998,GB
1999,GB
2000,US
2001,US
2002,GB
2003,GB
2004,GB
2005,US
2006,US
2007,GB
2008,GB
2009,GB
2010,US
2011,GB
2012,GB
2013,US
2014,GB
2015,US
2016,US
2017,GB
2018,US
2019,GB
2020,US
2021,GB
2022,GB
2023,GB
2024,US
2025,GB
2026,US
2027,GB
2028,US
2029,GB
2030,GB
2031,GB
2032,US
2033,GB
2034,US
2035,US
2036,US
2037,GB
2038,US
2039,GB
2040,US
2041,GB
2042,GB
2043,US
2044,GB
2045,US
2046,US
2047,US
2048,GB
2049,GB
2050,US
2051,GB
2052,US
2053,GB
2054,US
2055,US
2056,GB
2057,GB
2058,US
2059,GB
2060,US
2061,GB
2062,GB
2063,GB
2064,GB
2065,US
2066,US
2067,US
2068,GB
2069,US
2070,US
2071,US
2072,US
2073,US
2074,US
2075,US
2076,US
2077,GB
2078,US
2079,US
2080,GB
2081,US
2082,US
2083,US
2084,US
2085,US
2086,GB
2087,GB
2088,GB
2089,US
2090,GB
2091,US
2092,US
2093,US
2094,GB
2095,US
2096,US
2097,US
2098,US
2099,GB
2100,GB
2101,US
2102,GB
2103,GB
2104,US
2105,US
2106,GB
2107,US
2108,US
2109,GB
2110,US
2111,GB
2112,US
2113,US
2114,US
2115,US
2116,GB
2117,GB
2118,GB
2119,US
2120,US
2121,US
2122,US
2123,US
2124,GB
2125,US
2126,US
2127,US
2128,GB
2129,GB
2130,GB
2131,GB
2132,US
2133,GB
2134,GB
2135,GB
2136,US
2137,GB
2138,GB
2139,US
2140,GB
2141,US
2142,GB
2143,US
2144,GB
2145,GB
2146,GB
2147,GB
2148,US
2149,US
2150,US
2151,US
2152,US
2153,US
2154,US
2155,US
2156,GB
2157,US
2158,US
2159,GB
2160,GB
2161,GB
2162,GB
2163,GB
2164,GB
2165,US
2166,US
2167,US
2168,GB
2169,GB
2170,GB
2171,US
2172,US
2173,US
2174,US
2175,GB
2176,GB
2177,GB
2178,US
2179,US
2180,GB
2181,US
2182,US
2183,US
2184,US
2185,US
2186,US
2187,US
2188,US
2189,GB
2190,GB
2191,GB
2192,GB
2193,US
2194,US
2195,US
2196,US
2197,US
2198,US
2199,US
2200,US
2201,US
2202,US
2203,US
2204,US
2205,GB
2206,GB
2207,GB
2208,GB
2209,US
2210,US
2211,US
2212,GB
2213,US
2214,US
2215,US
2216,GB
2217,GB
2218,GB
2219,GB
2220,US
2221,US
2222,GB
2223,GB
2224,US
2225,US
2226,GB
2227,US
2228,US
2229,GB
2230,GB
2231,US
2232,GB
2233,US
2234,US
2235,US
2236,US
2237,US
2238,GB
2239,GB
2240,US
2241,GB
2242,GB
2243,US
2244,GB
2245,GB
2246,GB
2247,GB
2248,GB
2249,US
2250,GB
2251,US
2252,GB
2253,GB
2254,US
2255,US
2256,GB
2257,US
2258,US
2259,US
2260,US
2261,GB
2262,US
2263,GB
2264,GB
2265,US
2266,US
2267,US
2268,US
2269,US
2270,GB
2271,US
2272,GB
2273,GB
2274,GB
2275,US
2276,US
2277,US
2278,US
2279,GB
2280,GB
2281,GB
2282,US
2283,US
2284,GB
2285,US
2286,GB
2287,GB
2288,GB
2289,GB
2290,US
2291,US
2292,GB
2293,GB
2294,GB
2295,US
2296,US
2297,GB
2298,US
2299,US
2300,US
2301,GB
2302,US
2303,US
2304,US
2305,US
2306,US
2307,GB
2308,US
2309,US
2310,US
2311,US
2312,US
2313,US
2314,GB
2315,US
2316,GB
2317,US
2318,US
2319,US
2320,GB
2321,US
2322,GB
2323,US
2324,GB
2325,GB
2326,US
2327,GB
2328,US
2329,US
2330,GB
2331,GB
2332,US
2333,US
2334,US
2335,US
2336,GB
2337,GB
2338,US
2339,US
2340,GB
2341,US
2342,GB
2343,US
2344,GB
2345,GB
2346,GB
2347,GB
2348,GB
2349,GB
2350,US
2351,US
2352,GB
2353,US
2354,GB
2355,GB
2356,GB
2357,US
2358,US
2359,US
2360,GB
2361,US
2362,GB
2363,GB
2364,GB
2365,US
2366,US
2367,US
2368,US
2369,GB
2370,GB
2371,US
2372,US
2373,US
2374,GB
2375,GB
2376,US
2377,US
2378,US
2379,US
2380,US
2381,US
2382,US
2383,US
2384,GB
2385,GB
2386,US
2387,US
2388,GB
2389,GB
2390,GB
2391,US
2392,US
2393,US
2394,GB
2395,US
2396,US
2397,US
2398,GB
2399,US
2400,GB
2401,US
2402,US
2403,US
2404,GB
2405,GB
2406,US
2407,GB
2408,US
2409,US
2410,GB
2411,US
2412,US
2413,US
2414,US
2415,GB
2416,US
2417,US
2418,GB
2419,GB
2420,US
2421,GB
2422,GB
2423,US
2424,GB
2425,GB
2426,GB
2427,GB
2428,US
2429,US
2430,GB
2431,GB
2432,US
2433,US
2434,US
2435,GB
2436,US
2437,US
2438,GB
2439,US
2440,US
2441,US
2442,GB
2443,US
2444,US
2445,GB
2446,US
2447,US
2448,US
2449,US
2450,US
2451,US
2452,GB
2453,GB
2454,GB
2455,US
2456,US
2457,US
2458,GB
2459,GB
2460,US
2461,US
2462,US
2463,US
2464,US
2465,US
2466,GB
2467,US
2468,GB
2469,GB
2470,US
2471,US
2472,US
2473,GB
2474,US
2475,GB
2476,US
2477,US
2478,US
2479,US
2480,US
2481,GB
2482,US
2483,GB
2484,GB
2485,GB
2486,US
2487,US
2488,GB
2489,US
2490,US
2491,US
2492,US
2493,US
2494,GB
2495,US
2496,US
2497,GB
2498,US
2499,US
2500,US
2501,GB
2502,GB
2503,US
2504,US
2505,GB
2506,GB
2507,GB
2508,US
2509,GB
2510,GB
2511,US
2512,GB
2513,US
2514,US
2515,US
2516,US
2517,GB
2518,GB
2519,GB
2520,US
2521,US
2522,US
2523,US
2524,US
2525,US
2526,GB
2527,US
2528,GB
2529,GB
2530,US
2531,US
2532,US
2533,GB
2534,US
2535,US
2536,US
2537,GB
2538,US
2539,GB
2540,US
2541,GB
2542,GB
2543,US
2544,GB
2545,GB
2546,US
2547,GB
2548,GB
2549,GB
2550,GB
2551,US
2552,GB
2553,GB
2554,GB
2555,US
2556,US
2557,US
2558,GB
2559,GB
2560,US
2561,US
2562,GB
2563,US
2564,US
2565,US
2566,GB
2567,US
2568,GB
2569,US
2570,US
2571,US
2572,US
2573,US
2574,US
2575,US
2576,US
2577,US
2578,US
2579,GB
2580,US
2581,GB
2582,US
2583,GB
2584,GB
2585,US
2586,US
2587,US
2588,GB
2589,GB
2590,US
2591,GB
2592,US
2593,US
2594,GB
2595,US
2596,US
2597,GB
2598,GB
2599,GB
2600,US
2601,US
2602,US
2603,GB
2604,GB
2605,GB
2606,US
2607,US
2608,US
2609,GB
2610,GB
2611,US
2612,GB
2613,GB
2614,US
2615,US
2616,GB
2617,GB
2618,US
2619,US
2620,US
2621,US
2622,GB
2623,GB
2624,US
2625,US
2626,GB
2627,US
2628,GB
2629,GB
2630,GB
2631,US
2632,US
2633,US
2634,US
2635,GB
2636,GB
2637,US
2638,US
2639,US
2640,GB
2641,US
2642,GB
2643,GB
2644,US
2645,US
2646,GB
2647,US
2648,US
2649,US
2650,US
2651,US
2652,GB
2653,US
2654,GB
2655,US
2656,GB
2657,US
2658,US
2659,US
2660,US
2661,US
2662,US
2663,GB
2664,US
2665,GB
2666,GB
2667,GB
2668,GB
2669,US
2670,US
2671,US
2672,US
2673,US
2674,GB
2675,US
2676,GB
2677,US
2678,US
2679,GB
2680,US
2681,US
2682,GB
2683,US
2684,US
2685,US
2686,US
2687,US
2688,GB
2689,US
2690,GB
2691,GB
2692,US
2693,GB
2694,US
2695,US
2696,US
2697,US
2698,GB
2699,GB
2700,US
2701,US
2702,GB
2703,GB
2704,US
2705,US
2706,US
2707,GB
2708,GB
2709,US
2710,US
2711,US
2712,GB
2713,GB
2714,GB
2715,US
2716,US
2717,US
2718,GB
2719,US
2720,US
2721,GB
2722,GB
2723,US
2724,US
2725,US
2726,GB
2727,US
2728,US
2729,GB
2730,GB
2731,US
2732,US
2733,GB
2734,US
2735,US
2736,US
2737,US
2738,GB
2739,GB
2740,US
2741,US
2742,US
2743,GB
2744,US
2745,US
2746,US
2747,US
2748,GB
2749,US
2750,GB
2751,US
2752,GB
2753,GB
2754,US
2755,US
2756,GB
2757,US
2758,US
2759,US
2760,GB
2761,GB
2762,US
2763,US
2764,GB
2765,US
2766,GB
2767,GB
2768,GB
2769,GB
2770,GB
2771,GB
2772,US
2773,GB
2774,GB
2775,GB
2776,GB
2777,US
2778,GB
2779,GB
2780,US
2781,US
2782,US
2783,US
2784,GB
2785,US
2786,US
2787,GB
2788,GB
2789,GB
2790,US
2791,GB
2792,US
2793,US
2794,GB
2795,US
2796,GB
2797,US
2798,GB
2799,US
2800,GB
2801,US
2802,US
2803,US
2804,GB
2805,GB
2806,US
2807,US
2808,US
2809,US
2810,US
2811,US
2812,GB
2813,GB
2814,GB
2815,US
2816,US
2817,GB
2818,US
2819,US
2820,GB
2821,US
2822,GB
2823,US
2824,US
2825,US
2826,US
2827,GB
2828,US
2829,GB
2830,US
2831,GB
2832,GB
2833,GB
2834,US
2835,GB
2836,GB
2837,US
2838,US
2839,GB
2840,US
2841,US
2842,US
2843,GB
2844,US
2845,US
2846,US
2847,GB
2848,US
2849,US
2850,GB
2851,GB
2852,US
2853,US
2854,US
2855,GB
2856,US
2857,US
2858,GB
2859,US
2860,US
2861,US
2862,US
2863,GB
2864,US
2865,US
2866,US
2867,US
2868,US
2869,US
2870,US
2871,GB
2872,US
2873,GB
2874,GB
2875,GB
2876,US
2877,US
2878,US
2879,US
2880,US
2881,GB
2882,GB
2883,GB
2884,GB
2885,US
2886,GB
2887,US
2888,GB
2889,GB
2890,US
2891,US
2892,GB
2893,US
2894,GB
2895,US
2896,GB
2897,US
2898,GB
2899,US
2900,GB
2901,US
2902,US
2903,GB
2904,US
2905,GB
2906,GB
2907,GB
2908,GB
2909,GB
2910,GB
2911,GB
2912,GB
2913,GB
2914,GB
2915,GB
2916,GB
2917,GB
2918,US
2919,US
2920,GB
2921,GB
2922,GB
2923,GB
2924,US
2925,US
2926,US
2927,US
2928,US
2929,GB
2930,US
2931,US
2932,US
2933,US
2934,US
2935,US
2936,GB
2937,US
2938,US
2939,US
2940,GB
2941,US
2942,US
2943,GB
2944,US
2945,GB
2946,US
2947,US
2948,US
2949,GB
2950,US
2951,GB
2952,US
2953,GB
2954,US
2955,US
2956,GB
2957,US
2958,GB
2959,US
2960,GB
2961,GB
2962,GB
2963,US
2964,GB
2965,US
2966,GB
2967,GB
2968,GB
2969,US
2970,GB
2971,GB
2972,US
2973,US
2974,GB
2975,GB
2976,GB
2977,US
2978,GB
2979,GB
2980,US
2981,US
2982,US
2983,US
2984,US
2985,US
2986,US
2987,US
2988,GB
2989,US
2990,US
2991,GB
2992,US
2993,US
2994,GB
2995,GB
2996,US
2997,US
2998,US
2999,GB
3000,US
3001,US
3002,US
3003,US
3004,US
3005,GB
3006,US
3007,GB
3008,GB
3009,US
3010,US
3011,GB
3012,GB
3013,US
3014,US
3015,US
3016,US
3017,US
3018,US
3019,US
3020,GB
3021,US
3022,US
3023,US
3024,GB
3025,GB
3026,US
3027,GB
3028,GB
3029,US
3030,US
3031,GB
3032,GB
3033,US
3034,GB
3035,US
3036,US
3037,US
3038,US
3039,GB
3040,US
3041,GB
3042,US
3043,US
3044,US
3045,GB
3046,GB
3047,GB
3048,GB
3049,GB
3050,US
3051,US
3052,US
3053,US
3054,GB
3055,GB
3056,US
3057,US
3058,US
3059,US
3060,US
3061,GB
3062,US
3063,US
3064,GB
3065,US
3066,US
3067,US
3068,US
3069,GB
3070,GB
3071,US
3072,US
3073,US
3074,US
3075,US
3076,GB
3077,US
3078,US
3079,US
3080,GB
3081,US
3082,US
3083,GB
3084,US
3085,US
3086,GB
3087,US
3088,US
3089,GB
3090,US
3091,GB
3092,US
3093,US
3094,US
3095,US
3096,GB
3097,US
3098,US
3099,US
3100,GB
3101,GB
3102,GB
3103,GB
3104,US
3105,GB
3106,US
3107,GB
3108,US
3109,US
3110,GB
3111,GB
3112,US
3113,GB
3114,US
3115,GB
3116,US
3117,US
3118,GB
3119,GB
3120,US
3121,US
3122,US
3123,US
3124,US
3125,GB
3126,US
3127,US
3128,US
3129,GB
3130,US
3131,GB
3132,US
3133,US
3134,GB
3135,GB
3136,GB
3137,GB
3138,GB
3139,US
3140,GB
3141,US
3142,US
3143,US
3144,GB
3145,GB
3146,GB
3147,GB
3148,US
3149,GB
3150,US
3151,US
3152,GB
3153,GB
3154,US
3155,GB
3156,GB
3157,US
3158,US
3159,US
3160,GB
3161,GB
3162,US
3163,US
3164,US
3165,US
3166,GB
3167,GB
3168,US
3169,US
3170,US
3171,US
3172,GB
3173,GB
3174,US
3175,US
3176,GB
3177,GB
3178,GB
3179,GB
3180,US
3181,US
3182,US
3183,GB
3184,GB
3185,GB
3186,US
3187,US
3188,US
3189,GB
3190,GB
3191,US
3192,GB
3193,US
3194,GB
3195,GB
3196,US
3197,GB
3198,US
3199,GB
3200,US
3201,GB
3202,US
3203,US
3204,US
3205,US
3206,US
3207,GB
3208,US
3209,US
3210,US
3211,US
3212,US
3213,GB
3214,GB
3215,US
3216,GB
3217,US
3218,GB
3219,US
3220,GB
3221,GB
3222,GB
3223,GB
3224,GB
3225,GB
3226,GB
3227,GB
3228,US
3229,GB
3230,US
3231,GB
3232,GB
3233,GB
3234,GB
3235,GB
3236,GB
3237,GB
3238,GB
3239,US
3240,GB
3241,US
3242,GB
3243,GB
3244,GB
3245,GB
3246,GB
3247,GB
3248,GB
3249,GB
3250,US
3251,US
3252,US
3253,GB
3254,US
3255,GB
3256,GB
3257,GB
3258,US
3259,US
3260,GB
3261,GB
3262,GB
3263,US
3264,US
3265,GB
3266,US
3267,GB
3268,GB
3269,GB
3270,GB
3271,US
3272,US
3273,GB
3274,US
3275,US
3276,US
3277,US
3278,GB
3279,US
3280,US
3281,US
3282,GB
3283,US
3284,US
3285,GB
3286,US
3287,GB
3288,US
3289,US
3290,US
3291,US
3292,US
3293,GB
3294,GB
3295,US
3296,GB
3297,GB
3298,GB
3299,US
3300,GB
3301,US
3302,US
3303,GB
3304,GB
3305,US
3306,GB
3307,GB
3308,GB
3309,US
3310,US
3311,GB
3312,US
3313,US
3314,GB
3315,GB
3316,GB
3317,GB
3318,US
3319,US
3320,US
3321,US
3322,US
3323,US
3324,US
3325,US
3326,US
3327,US
3328,GB
3329,US
3330,GB
3331,GB
3332,GB
3333,GB
3334,GB
3335,US
3336,GB
3337,GB
3338,US
3339,US
3340,GB
3341,GB
3342,GB
3343,US
3344,US
3345,US
3346,US
3347,GB
3348,US
3349,US
3350,US
3351,GB
3352,US
3353,GB
3354,GB
3355,GB
3356,GB
3357,US
3358,GB
3359,US
3360,US
3361,US
3362,US
3363,US
3364,GB
3365,US
3366,GB
3367,US
3368,GB
3369,GB
3370,US
3371,GB
3372,US
3373,GB
3374,US
3375,GB
3376,US
3377,GB
3378,US
3379,US
3380,GB
3381,GB
3382,GB
3383,US
3384,GB
3385,GB
3386,US
3387,US
3388,US
3389,GB
3390,GB
3391,US
3392,US
3393,GB
3394,US
3395,GB
3396,GB
3397,GB
3398,US
3399,GB
3400,US
3401,US
3402,US
3403,GB
3404,GB
3405,US
3406,GB
3407,US
3408,US
3409,US
3410,US
3411,GB
3412,GB
3413,GB
3414,GB
3415,US
3416,US
3417,US
3418,US
3419,US
3420,US
3421,US
3422,GB
3423,US
3424,GB
3425,GB
3426,US
3427,US
3428,GB
3429,GB
3430,GB
3431,GB
3432,US
3433,GB
3434,GB
3435,GB
3436,US
3437,US
3438,US
3439,GB
3440,US
3441,GB
3442,GB
3443,GB
3444,US
3445,GB
3446,US
3447,US
3448,US
3449,US
3450,GB
3451,GB
3452,US
3453,US
3454,GB
3455,US
3456,GB
3457,GB
3458,US
3459,US
3460,US
3461,US
3462,US
3463,US
3464,GB
3465,GB
3466,US
3467,GB
3468,US
3469,GB
3470,US
3471,US
3472,US
3473,GB
3474,US
3475,US
3476,US
3477,GB
3478,US
3479,US
3480,GB
3481,US
3482,US
3483,GB
3484,GB
3485,US
3486,US
3487,GB
3488,US
3489,GB
3490,US
3491,US
3492,GB
3493,US
3494,US
3495,US
3496,GB
3497,GB
3498,GB
3499,GB
3500,GB
3501,US
3502,US
3503,GB
3504,GB
3505,US
3506,US
3507,GB
3508,US
3509,US
3510,US
3511,US
3512,US
3513,US
3514,US
3515,US
3516,US
3517,US
3518,GB
3519,US
3520,US
3521,US
3522,GB
3523,US
3524,US
3525,GB
3526,US
3527,GB
3528,US
3529,GB
3530,US
3531,GB
3532,GB
3533,GB
3534,GB
3535,GB
3536,US
3537,GB
3538,GB
3539,US
3540,US
3541,GB
3542,US
3543,US
3544,GB
3545,US
3546,US
3547,GB
3548,US
3549,US
3550,GB
3551,US
3552,US
3553,US
3554,GB
3555,US
3556,US
3557,US
3558,GB
3559,US
3560,US
3561,GB
3562,US
3563,GB
3564,US
3565,GB
3566,US
3567,GB
3568,GB
3569,US
3570,US
3571,US
3572,US
3573,US
3574,US
3575,GB
3576,US
3577,US
3578,US
3579,GB
3580,GB
3581,GB
3582,US
3583,GB
3584,US
3585,US
3586,US
3587,GB
3588,GB
3589,US
3590,GB
3591,US
3592,US
3593,GB
3594,GB
3595,GB
3596,US
3597,US
3598,GB
3599,US
3600,US
3601,US
3602,US
3603,GB
3604,GB
3605,US
3606,US
3607,GB
3608,GB
3609,US
3610,GB
3611,GB
3612,US
3613,US
3614,US
3615,GB
3616,GB
3617,US
3618,GB
3619,US
3620,GB
3621,US
3622,US
3623,GB
3624,US
3625,GB
3626,GB
3627,US
3628,US
3629,US
3630,US
3631,GB
3632,GB
3633,US
3634,GB
3635,US
3636,GB
3637,US
3638,US
3639,GB
3640,GB
3641,GB
3642,GB
3643,US
3644,GB
3645,US
3646,US
3647,GB
3648,GB
3649,US
3650,US
3651,GB
3652,US
3653,US
3654,GB
3655,US
3656,GB
3657,GB
3658,US
3659,GB
3660,GB
3661,GB
3662,GB
3663,US
3664,US
3665,US
3666,GB
3667,US
3668,GB
3669,US
3670,US
3671,GB
3672,US
3673,US
3674,US
3675,US
3676,GB
3677,GB
3678,GB
3679,GB
3680,GB
3681,US
3682,US
3683,US
3684,GB
3685,US
3686,GB
3687,GB
3688,GB
3689,GB
3690,GB
3691,GB
3692,US
3693,GB
3694,US
3695,GB
3696,US
3697,US
3698,US
3699,US
3700,US
3701,GB
3702,GB
3703,US
3704,US
3705,GB
3706,GB
3707,GB
3708,GB
3709,US
3710,US
3711,US
3712,US
3713,GB
3714,GB
3715,GB
3716,US
3717,GB
3718,US
3719,US
3720,GB
3721,GB
3722,US
3723,GB
3724,GB
3725,US
3726,US
3727,GB
3728,US
3729,US
3730,GB
3731,US
3732,US
3733,GB
3734,GB
3735,US
3736,GB
3737,GB
3738,GB
3739,US
3740,US
3741,GB
3742,GB
3743,US
3744,US
3745,US
3746,GB
3747,US
3748,US
3749,US
3750,US
3751,GB
3752,US
3753,GB
3754,US
3755,GB
3756,US
3757,US
3758,US
3759,GB
3760,GB
3761,US
3762,GB
3763,US
3764,GB
3765,GB
3766,GB
3767,GB
3768,US
3769,GB
3770,US
3771,US
3772,US
3773,US
3774,US
3775,US
3776,US
3777,GB
3778,GB
3779,US
3780,GB
3781,US
3782,US
3783,GB
3784,GB
3785,US
3786,US
3787,US
3788,US
3789,US
3790,GB
3791,US
3792,US
3793,GB
3794,GB
3795,GB
3796,US
3797,GB
3798,US
3799,GB
3800,US
3801,GB
3802,GB
3803,GB
3804,US
3805,US
3806,US
3807,GB
3808,US
3809,GB
3810,GB
3811,US
3812,US
3813,GB
3814,GB
3815,GB
3816,US
3817,GB
3818,GB
3819,US
3820,GB
3821,US
3822,GB
3823,US
3824,US
3825,US
3826,GB
3827,US
3828,GB
3829,GB
3830,GB
3831,US
3832,US
3833,US
3834,US
3835,GB
3836,US
3837,US
3838,US
3839,GB
3840,US
3841,US
3842,GB
3843,US
3844,GB
3845,US
3846,US
3847,GB
3848,US
3849,GB
3850,US
3851,US
3852,US
3853,US
3854,GB
3855,GB
3856,US
3857,US
3858,GB
3859,US
3860,US
3861,GB
3862,GB
3863,GB
3864,GB
3865,US
3866,US
3867,GB
3868,US
3869,GB
3870,US
3871,US
3872,US
3873,US
3874,US
3875,US
3876,US
3877,GB
3878,GB
3879,GB
3880,US
3881,GB
3882,US
3883,GB
3884,GB
3885,GB
3886,US
3887,US
3888,GB
3889,US
3890,GB
3891,US
3892,GB
3893,GB
3894,US
3895,US
3896,US
3897,US
3898,US
3899,US
3900,US
3901,US
3902,GB
3903,GB
3904,US
3905,US
3906,US
3907,US
3908,GB
3909,US
3910,US
3911,US
3912,GB
3913,US
3914,US
3915,US
3916,US
3917,GB
3918,GB
3919,GB
3920,GB
3921,GB
3922,GB
3923,US
3924,GB
3925,GB
3926,GB
3927,US
3928,US
3929,GB
3930,GB
3931,GB
3932,GB
3933,US
3934,GB
3935,GB
3936,US
3937,GB
3938,GB
3939,US
3940,US
3941,US
3942,US
3943,GB
3944,US
3945,GB
3946,GB
3947,GB
3948,US
3949,US
3950,US
3951,GB
3952,US
3953,GB
3954,GB
3955,US
3956,GB
3957,US
3958,US
3959,US
3960,GB
3961,GB
3962,GB
3963,US
3964,US
3965,US
3966,GB
3967,US
3968,US
3969,US
3970,GB
3971,US
3972,US
3973,GB
3974,GB
3975,US
3976,US
3977,GB
3978,US
3979,GB
3980,US
3981,US
3982,US
3983,US
3984,GB
3985,GB
3986,GB
3987,GB
3988,GB
3989,US
3990,GB
3991,GB
3992,US
3993,GB
3994,US
3995,GB
3996,US
3997,GB
3998,US
3999,GB
4000,GB
4001,US
4002,US
4003,US
4004,US
4005,US
4006,GB
4007,GB
4008,US
4009,GB
4010,GB
4011,GB
4012,US
4013,US
4014,US
4015,GB
4016,GB
4017,US
4018,US
4019,GB
4020,US
4021,GB
4022,US
4023,GB
4024,US
4025,GB
4026,GB
4027,GB
4028,US
4029,GB
4030,GB
4031,US
4032,US
4033,US
4034,GB
4035,US
4036,GB
4037,GB
4038,US
4039,US
4040,GB
4041,US
4042,US
4043,US
4044,US
4045,US
4046,US
4047,US
4048,US
4049,GB
4050,US
4051,US
4052,US
4053,GB
4054,US
4055,US
4056,US
4057,GB
4058,GB
4059,US
4060,GB
4061,GB
4062,US
4063,GB
4064,GB
4065,GB
4066,GB
4067,GB
4068,GB
4069,GB
4070,GB
4071,US
4072,GB
4073,US
4074,US
4075,GB
4076,US
4077,GB
4078,GB
4079,GB
4080,GB
4081,US
4082,GB
4083,US
4084,US
4085,GB
4086,GB
4087,US
4088,US
4089,US
4090,GB
4091,GB
4092,GB
4093,US
4094,GB
4095,GB
4096,GB
4097,GB
4098,US
4099,US
4100,GB
4101,US
4102,US
4103,US
4104,GB
4105,GB
4106,US
4107,GB
4108,GB
4109,US
4110,GB
4111,US
4112,US
4113,US
4114,GB
4115,US
4116,GB
4117,US
4118,GB
4119,US
4120,US
4121,US
4122,GB
4123,US
4124,US
4125,US
4126,US
4127,US
4128,GB
4129,US
4130,GB
4131,GB
4132,US
4133,US
4134,GB
4135,US
4136,GB
4137,US
4138,US
4139,US
4140,GB
4141,US
4142,US
4143,US
4144,US
4145,GB
4146,US
4147,US
4148,US
4149,US
4150,GB
4151,US
4152,GB
4153,US
4154,GB
4155,US
4156,GB
4157,US
4158,GB
4159,GB
4160,GB
4161,US
4162,GB
4163,US
4164,GB
4165,US
4166,US
4167,GB
4168,US
4169,US
4170,US
4171,US
4172,US
4173,GB
4174,GB
4175,US
4176,US
4177,US
4178,US
4179,GB
4180,GB
4181,US
4182,GB
4183,US
4184,GB
4185,US
4186,GB
4187,US
4188,GB
4189,US
4190,US
4191,GB
4192,GB
4193,US
4194,GB
4195,US
4196,US
4197,GB
4198,US
4199,GB
4200,US
4201,US
4202,US
4203,US
4204,US
4205,GB
4206,US
4207,US
4208,US
4209,US
4210,GB
4211,US
4212,GB
4213,US
4214,US
4215,GB
4216,GB
4217,US
4218,US
4219,GB
4220,US
4221,US
4222,GB
4223,GB
4224,US
4225,GB
4226,US
4227,GB
4228,US
4229,GB
4230,GB
4231,US
4232,US
4233,GB
4234,US
4235,US
4236,US
4237,US
4238,US
4239,GB
4240,US
4241,GB
4242,US
4243,GB
4244,US
4245,US
4246,US
4247,GB
4248,US
4249,US
4250,GB
4251,US
4252,GB
4253,US
4254,GB
4255,GB
4256,US
4257,GB
4258,US
4259,US
4260,US
4261,GB
4262,GB
4263,US
4264,GB
4265,US
4266,US
4267,GB
4268,GB
4269,US
4270,US
4271,GB
4272,GB
4273,GB
4274,GB
4275,US
4276,GB
4277,US
4278,US
4279,US
4280,US
4281,US
4282,US
4283,GB
4284,GB
4285,US
4286,US
4287,GB
4288,US
4289,US
4290,GB
4291,GB
4292,GB
4293,US
4294,GB
4295,US
4296,GB
4297,GB
4298,US
4299,US
4300,US
4301,US
4302,GB
4303,US
4304,GB
4305,US
4306,US
4307,US
4308,US
4309,GB
4310,GB
4311,US
4312,US
4313,GB
4314,US
4315,US
4316,GB
4317,GB
4318,GB
4319,GB
4320,GB
4321,GB
4322,US
4323,US
4324,US
4325,US
4326,US
4327,US
4328,GB
4329,GB
4330,GB
4331,US
4332,US
4333,US
4334,US
4335,GB
4336,US
4337,GB
4338,GB
4339,GB
4340,US
4341,GB
4342,US
4343,US
4344,US
4345,US
4346,GB
4347,GB
4348,US
4349,US
4350,US
4351,GB
4352,US
4353,GB
4354,GB
4355,US
4356,GB
4357,GB
4358,US
4359,US
4360,GB
4361,US
4362,US
4363,GB
4364,US
4365,US
4366,US
4367,GB
4368,US
4369,GB
4370,US
4371,GB
4372,GB
4373,GB
4374,US
4375,GB
4376,US
4377,US
4378,GB
4379,US
4380,US
4381,US
4382,US
4383,GB
4384,US
4385,GB
4386,US
4387,US
4388,GB
4389,GB
4390,GB
4391,GB
4392,US
4393,GB
4394,GB
4395,US
4396,US
4397,US
4398,GB
4399,US
4400,GB
4401,GB
4402,GB
4403,US
4404,GB
4405,US
4406,US
4407,US
4408,US
4409,US
4410,GB
4411,US
4412,US
4413,US
4414,US
4415,GB
4416,GB
4417,US
4418,US
4419,US
4420,GB
4421,US
4422,GB
4423,US
4424,US
4425,GB
4426,GB
4427,GB
4428,US
4429,US
4430,GB
4431,GB
4432,US
4433,US
4434,US
4435,GB
4436,US
4437,US
4438,US
4439,GB
4440,GB
4441,US
4442,GB
4443,GB
4444,US
4445,US
4446,US
4447,US
4448,GB
4449,GB
4450,US
4451,US
4452,GB
4453,GB
4454,US
4455,GB
4456,GB
4457,US
4458,US
4459,US
4460,US
4461,GB
4462,US
4463,US
4464,US
4465,GB
4466,US
4467,GB
4468,GB
4469,US
4470,GB
4471,US
4472,GB
4473,GB
4474,GB
4475,US
4476,GB
4477,US
4478,GB
4479,US
4480,US
4481,US
4482,US
4483,GB
4484,GB
4485,US
4486,US
4487,GB
4488,US
4489,US
4490,US
4491,US
4492,US
4493,GB
4494,GB
4495,GB
4496,US
4497,GB
4498,US
4499,US
4500,GB
4501,US
4502,GB
4503,US
4504,GB
4505,US
4506,GB
4507,GB
4508,GB
4509,GB
4510,GB
4511,US
4512,US
4513,GB
4514,GB
4515,GB
4516,US
4517,US
4518,US
4519,US
4520,US
4521,US
4522,US
4523,US
4524,US
4525,GB
4526,GB
4527,US
4528,GB
4529,GB
4530,GB
4531,GB
4532,US
4533,GB
4534,US
4535,US
4536,GB
4537,US
4538,GB
4539,US
4540,GB
4541,US
4542,GB
4543,GB
4544,GB
4545,US
4546,GB
4547,GB
4548,US
4549,US
4550,GB
4551,US
4552,GB
4553,GB
4554,GB
4555,GB
4556,GB
4557,GB
4558,GB
4559,GB
4560,US
4561,US
4562,US
4563,GB
4564,GB
4565,GB
4566,US
4567,US
4568,GB
4569,GB
4570,GB
4571,US
4572,GB
4573,US
4574,US
4575,GB
4576,US
4577,GB
4578,US
4579,US
4580,US
4581,US
4582,US
4583,GB
4584,GB
4585,US
4586,GB
4587,US
4588,US
4589,GB
4590,US
4591,GB
4592,GB
4593,GB
4594,US
4595,US
4596,US
4597,GB
4598,GB
4599,GB
4600,GB
4601,US
4602,GB
4603,US
4604,GB
4605,GB
4606,US
4607,US
4608,US
4609,US
4610,US
4611,US
4612,US
4613,GB
4614,GB
4615,GB
4616,GB
4617,US
4618,US
4619,US
4620,US
4621,US
4622,US
4623,US
4624,US
4625,US
4626,GB
4627,GB
4628,GB
4629,GB
4630,GB
4631,US
4632,US
4633,GB
4634,US
4635,GB
4636,US
4637,GB
4638,US
4639,US
4640,GB
4641,US
4642,GB
4643,GB
4644,GB
4645,US
4646,GB
4647,GB
4648,US
4649,US
4650,US
4651,GB
4652,US
4653,GB
4654,US
4655,US
4656,US
4657,US
4658,GB
4659,US
4660,GB
4661,GB
4662,US
4663,US
4664,US
4665,GB
4666,US
4667,GB
4668,US
4669,GB
4670,US
4671,US
4672,GB
4673,GB
4674,GB
4675,GB
4676,GB
4677,US
4678,GB
4679,US
4680,GB
4681,US
4682,US
4683,GB
4684,GB
4685,GB
4686,GB
4687,GB
4688,US
4689,GB
4690,US
4691,US
4692,US
4693,GB
4694,GB
4695,US
4696,US
4697,US
4698,GB
4699,US
4700,GB
4701,GB
4702,US
4703,GB
4704,US
4705,GB
4706,GB
4707,US
4708,US
4709,US
4710,US
4711,GB
4712,US
4713,US
4714,US
4715,US
4716,GB
4717,US
4718,US
4719,GB
4720,US
4721,GB
4722,GB
4723,US
4724,US
4725,US
4726,US
4727,US
4728,US
4729,GB
4730,GB
4731,GB
4732,GB
4733,US
4734,US
4735,US
4736,US
4737,US
4738,GB
4739,US
4740,GB
4741,US
4742,GB
4743,US
4744,US
4745,US
4746,GB
4747,US
4748,US
4749,GB
4750,GB
4751,GB
4752,US
4753,GB
4754,GB
4755,GB
4756,GB
4757,GB
4758,GB
4759,GB
4760,US
4761,GB
4762,US
4763,US
4764,GB
4765,US
4766,US
4767,GB
4768,GB
4769,US
4770,US
4771,US
4772,US
4773,US
4774,GB
4775,GB
4776,GB
4777,US
4778,GB
4779,GB
4780,GB
4781,US
4782,GB
4783,GB
4784,US
4785,GB
4786,GB
4787,GB
4788,US
4789,US
4790,GB
4791,GB
4792,US
4793,US
4794,US
4795,GB
4796,US
4797,US
4798,GB
4799,GB
4800,GB
4801,US
4802,US
4803,GB
4804,US
4805,US
4806,US
4807,GB
4808,US
4809,US
4810,US
4811,GB
4812,GB
4813,US
4814,GB
4815,US
4816,US
4817,GB
4818,US
4819,GB
4820,US
4821,GB
4822,US
4823,US
4824,GB
4825,GB
4826,US
4827,US
4828,GB
4829,US
4830,GB
4831,GB
4832,GB
4833,GB
4834,GB
4835,GB
4836,US
4837,US
4838,US
4839,GB
4840,US
4841,US
4842,GB
4843,US
4844,US
4845,GB
4846,GB
4847,US
4848,US
4849,GB
4850,GB
4851,GB
4852,GB
4853,US
4854,US
4855,US
4856,US
4857,US
4858,GB
4859,US
4860,GB
3309,SG
3439,KM
2619,SS
219,HT
2689,JM
1219,EE
15,MT
2585,KM
147,KR
2901,MV
1269,JO
3197,QA
823,MM
4572,WS
3006,KH
755,CD
3078,CZ
4805,CN
763,VC
2981,CN
3571,TM
2111,KN
4012,BD
2406,UY
4407,KI
4461,PE
4406,VC
235,GT
625,IQ
598,SE
4731,SG
2972,OM
1838,ML
3968,TJ
3279,ZW
3126,LY
4786,UY
2227,PA
4569,MA
1738,TT
2197,MC
447,KW
3607,FR
4194,KI
801,KZ
2170,BR
4447,GB
613,BB
3106,TD
100,NO
3917,KN
952,MM
4279,SI
4331,GH
4403,VN
4400,CR
3065,MA
225,RU
1185,IT
2089,AR
694,VC
4317,BA
1192,MZ
785,SG
4337,LT
232,LU
1485,PE
96,JM
142,UY
2842,LY
2760,PT
1961,CL
596,BR
3588,RO
2770,BR
4477,MU
4173,AR
1640,ZM
2047,BG
3687,CA
2576,TV
820,LT
92,QA
4151,BF
4142,DZ
3463,BJ
439,AG
2949,GD
1863,NR
4642,PA
1627,NP
2705,LY
3729,RW
3575,ML
2134,CH
779,BE
3927,CH
560,DK
740,KI
4789,TN
1445,DE
2895,PT
4173,LR
1593,KP
710,MC
2948,LA
524,UZ
4631,BD
4796,CH
1379,BE
1023,HR
1615,NE
4249,NP
1180,EG
2959,NR
1279,HU
4795,SG
2012,AM
4387,GE
3208,GN
4547,AZ
4623,DZ
1218,VU
1886,PA
4277,BS
4722,MZ
504,TT
2185,LY
3907,DE
3416,DO
3533,FI
1561,NG
1732,DM
2218,BF
3315,RU
2202,SC
574,HN
2065,ID
4571,CO
3484,UG
2093,CZ
2003,KG
3834,SA
515,KP
1703,CA
1363,SK
543,SG
55,BF
521,TZ
4473,KN
483,NR
796,TR
3301,LY
3821,SA
3104,LV
4312,MH
3385,BS
1582,SG
4290,JM
2895,UY
3002,LV
895,PA
4097,SO
1838,ZA
3202,BJ
1824,HN
1915,KZ
1872,PE
4586,TJ
107,MZ
556,GQ
38,KH
1338,AE
359,CV
506,ME
3331,BH
932,BZ
4610,PE
1614,NG
216,BA
2400,RW
2420,SE
4266,HU
1751,RS
2321,NR
2445,IQ
655,MH
546,KN
1599,CH
2390,BH
2636,EC
3970,ER
2327,CO
1092,RU
2154,KH
1891,KH
458,AM
1627,MD
1899,VE
819,TV
1154,CU
1552,AG
1755,BS
361,GR
2065,VE
1535,SR
3134,SM
6,BY
4008,LT
2203,SN
971,SY
3615,CL
3407,MY
4827,BA
647,GQ
2652,CN
2698,LS
4040,DK
1170,NG
1514,CA
179,GW
1283,AR
4793,MV
2847,GE
4318,SK
2959,AE
2671,CR
2810,SB
3002,WS
328,GH
1872,BW
3077,CV
1602,IT
4770,JM
4715,BZ
1502,SV
1288,PH
2575,EE
772,HT
3128,TL
591,SA
3247,VE
815,JM
1866,BN
4451,BZ
325,DJ
774,ZA
3241,GH
4245,HU
3205,VC
3113,SO
4011,ES
3605,PH
4399,ST
2422,CI
2940,LC
255,PK
3424,KM
4635,TL
813,LS
3869,SY
2258,GM
3485,NP
4016,DM
1691,DK
3723,SE
3839,PH
13,VU
1219,TL
514,OM
2333,MX
4100,EE
3836,UA
4474,AR
3884,TD
3333,VE
1816,SK
4610,CH
2599,VN
2361,SB
1127,PE
1989,BJ
2937,AL
1292,SK
3421,NP
2044,TZ
1012,TT
4804,SC
4556,CN
3137,IT
2283,HR
4653,AL
1860,KH
2252,SA
2859,LI
4726,PW
932,ML
4242,MX
4246,CA
3695,KN
3006,IQ
4780,AZ
4768,ES
809,TV
4406,UG
2539,VN
1811,MZ
3021,PK
1149,DK
941,UY
796,BB
4034,MV
2186,MC
1902,AE
4218,CU
4613,CI
2853,NZ
1045,IR
3324,RW
1852,SG
2648,VE
3110,TH
352,ZA
2572,YE
1909,JP
4568,NO
4433,CR
3617,KE
4763,FI
2170,ER
2383,UA
3003,AD
4297,MG
1733,CZ
3075,TV
3191,TM
3870,BW
2192,SO
2332,KZ
1477,LR
4381,TD
3267,HT
1530,MR
2761,PL
3425,DO
2058,LR
3918,SL
1348,LA
1772,GT
2919,NO
3954,PE
4857,CU
1962,OM
2582,PT
4198,ST
3434,HN
3528,MX
3974,TN
1218,GB
4533,ZM
1112,MC
474,VN
4724,GM
3422,NI
2138,LU
1671,ZW
4740,PE
4494,LY
3920,TZ
2442,ML
2834,ME
3068,KZ
4303,CD
909,CH
2692,PG
2432,BJ
4711,GR
1474,CN
2755,LT
4855,DZ
4178,KN
665,PE
435,SS
221,ME
2789,EC
2898,BR
1206,ME
3341,NI
610,DZ
2962,MH
2122,ZW
1194,BJ
4422,BR
1104,CZ
812,LS
2792,BW
1491,BJ
175,MZ
2638,ES
3456,MU
4746,AD
1964,LC
3558,AE
3231,GD
4183,RW
1842,BS
4378,LC
2757,SC
3412,GM
317,BA
3439,BF
1790,LC
1284,CD
91,JM
96,RS
4562,AO
1242,OM
2797,CU
1958,MU
1446,NO
654,EC
1451,RW
2125,LI
4284,KN
674,MG
4818,IT
3064,SA
4286,CA
3946,HT
388,IL
3622,CL
3393,ZW
750,GY
2205,RS
1592,SA
254,RO
3876,DE
2321,NI
4561,PH
3244,GQ
4472,LR
2082,BA
916,IT
258,MM
3966,IR
2676,NZ
957,TH
2282,SN
3303,AZ
3348,IN
3635,GW
120,HU
4700,IS
2166,LT
4576,GT
4409,VC
3359,GA
189,BS
1560,AO
4211,LB
4590,ET
68,SV
2322,SV
4753,TJ
1409,TT
2962,BA
3052,ES
3475,IL
3757,TG
1222,UY
2053,DO
1991,GN
1295,CH
2148,QA
1032,AT
2794,JP
2692,SK
2628,BW
4655,JP
96,AE
339,LT
1194,BS
1464,MZ
5,ME
4398,MN
4375,IS
244,MN
544,BF
4033,KW
2648,AU
2739,KH
999,SO
1012,IT
4648,KI
1282,FI
1985,TO
761,UY
407,SN
4143,TZ
2066,AE
764,SY
595,ST
2130,AZ
1823,TZ
156,IS
4408,PA
383,CH
224,GT
2186,LT
1450,MM
3231,CM
2934,LB
3986,TD
4294,LV
2100,MD
1519,RS
1713,RS
2400,PW
4208,UY
1769,OM
2772,JO
4650,CR
726,PH
107,LS
1169,KG
4081,TZ
2183,NO
3414,SE
1572,CY
1368,BH
3503,LV
3216,GH
2402,SC
1070,SE
2856,TV
1902,MG
3909,LR
3347,SI
1544,QA
773,GA
645,CI
4402,AE
1014,SN
1400,HT
1374,ME
703,KH
1814,BA
2669,BG
1713,AE
4012,NE
4817,ER
2610,MA
3758,MM
560,PA
2567,SE
1013,AF
621,SD
1569,CH
3776,BD
3517,BN
2807,MU
3570,BG
3448,GW
2544,TO
271,GW
3055,CF
191,TM
8,SE
1766,LU
1947,TH
854,PY
4617,SN
2933,LT
3956,PL
58,SR
2382,TV
1611,GT
54,UZ
2940,NI
1935,BZ
2499,GM
3649,BG
301,BI
2453,SD
1255,ES
3677,IL
3798,RW
1195,GQ
3996,ME
4545,KE
2838,AG
3290,LB
901,ME
4661,AT
1583,IQ
1470,MR
2742,GB
729,PL
4440,IT
995,ST
4335,ZA
1968,NI
1518,LS
1906,LR
4810,PE
4383,GQ
3482,ET
2840,NG
2748,BS
1918,MW
719,RU
315,HR
2504,WS
1329,GQ
1518,VN
3733,NI
4737,SR
673,GM
4568,CN
2896,RO
4192,TV
1201,RW
1945,HT
1119,TH
1236,ZA
337,SN
1240,RO
4494,US
1181,PL
4683,KW
1233,IT
111,VU
1717,KH
2950,GY
325,YE
3847,IS
77,VC
2703,AZ
4418,AO
2284,SK
1276,WS
2473,EG
3027,KH
3952,ET
2989,KP
3061,NI
81,MD
3295,SE
2898,MH
2795,GB
4014,KZ
97,HR
363,BF
4163,HR
834,AG
2243,TV
2605,PG
4173,ID
3153,SM
1071,SO
3856,CZ
3904,RS
24,LR
4549,CO
4756,IT
3060,PY
3171,FI
1708,KI
3225,CI
4007,BG
2800,UG
1357,SM
3999,UY
4304,VU
620,RW
598,TO
3416,AM
2753,LK
65,NE
4738,MV
3519,KW
1655,SO
2108,BE
2622,SD
3585,UZ
4505,SE
1915,AT
213,NG
2687,FR
1971,BJ
1743,MN
2039,MM
1701,DO
357,CV
3278,BR
1538,BI
307,DM
4204,BZ
1186,IQ
1069,ZM
4332,MV
3844,AT
1248,GH
775,MW
3341,AD
4174,LT
1477,TM
3428,NI
4318,PT
3791,AE
2763,GN
3540,BI
760,BB
3438,WS
3099,PL
4011,AU
1152,KN
2774,TL
449,RS
1778,CN
773,VN
2199,NE
1754,AG
3554,UY
2153,YE
1872,MZ
440,IT
2845,DZ
1220,SN
3468,VN
4787,LB
2653,IR
2813,DM
1668,BE
883,NG
2745,SL
962,VC
1174,GD
4797,GA
2537,MA
2184,PK
3125,BJ
3879,SC
4699,CU
715,MR
4431,GY
4136,TZ
3907,NG
1197,LU
1394,TO
1687,KM
3565,CO
4430,FI
280,JM
83,NZ
3713,CM
4248,ZW
2210,NG
228,NP
1120,TJ
4838,NL
4627,KN
395,UZ
3003,AU
1563,JO
3972,BW
2098,IT
1719,BT
4430,TN
2560,LV
3616,QA
4591,TT
2991,KW
623,TM
2787,AG
3837,NR
4277,LC
3301,PW
812,CD
831,SG
3300,GW
1031,GY
1906,OM
1959,GE
304,GR
1235,GM
3099,BG
2896,ME
1154,KN
3692,MZ
2386,CR
378,WS
1148,RU
3733,VC
3841,MA
4751,BE
1678,UY
2684,CL
4508,VC
4837,BY
1845,MC
2386,GN
4325,GD
1166,MM
3202,LB
1302,BE
2797,FI
4085,PW
3649,PH
303,MM
1398,TV
3436,KZ
2327,EG
4387,MU
1411,KG
4623,AL
1744,UA
2719,MH
3335,GR
1986,DM
4295,SN
4849,SB
3233,CO
697,TJ
2442,SD
3292,WS
2868,ST
4590,ES
1240,ET
4829,ZW
4548,PG
2859,BS
890,BO
87,HR
3447,ET
3816,NI
2720,SE
3702,TL
1925,UG
3152,KZ
2425,RU
2123,LK
450,NE
1238,SM
1942,FI
1455,NO
507,YE
1335,SO
4449,IN
1985,BA
3782,MD
112,SC
4323,TN
3883,KE
454,PH
4728,KM
38,TJ
3139,RO
623,AF
2188,CU
1714,DO
2692,HT
3494,MA
1982,WS
2423,AR
1779,IL
2157,DZ
672,UA
325,CA
4672,FR
3898,LI
3282,MU
4161,BS
4025,SM
4105,CH
3413,EC
601,ZW
3992,TH
1080,TJ
1733,HU
1868,PH
2519,RW
3736,DZ
4148,NP
2781,UY
1992,EE
3345,BN
981,NZ
1706,VE
4776,MH
1397,SE
2293,CI
863,AZ
1060,ZA
1773,MU
1908,HR
462,CL
3250,BW
1513,CA
2752,MD
1486,NG
89,MY
4523,AO
2128,ID
735,SM
4263,TN
2874,BI
1720,DJ
1494,HU
3220,KH
3819,BR
346,SV
2824,ZA
556,PW
3701,CR
3927,PY
1887,NR
4400,BF
152,MT
3402,CA
3432,SB
4032,BT
2398,GN
3065,MT
2286,ZM
4318,GD
2051,LU
2882,TZ
1646,PA
242,LV
3880,LC
3749,BF
3270,IL
4161,LR
2067,SC
4632,SD
802,KW
1284,AD
2212,GY
500,GN
4619,LC
4058,MM
933,NZ
3395,NR
3439,MH
3756,SV
3667,BS
852,LB
519,HN
3205,VN
606,PK
4068,KN
2015,BG
4722,MC
2341,KW
2659,SG
2428,JO
2659,ZA
3601,UZ
89,GD
4375,UZ
3361,LY
3089,DM
13,FI
1998,CZ
1336,AM
4304,LU
2109,BG
1936,LB
4623,UZ
3125,DO
3466,DO
3461,SC
911,CR
3285,ER
2118,ER
3322,LU
2198,GT
2702,CV
4582,LS
2916,LV
460,SA
2068,AG
1133,CF
4181,HN
803,PG
3670,RU
1532,IN
3610,DJ
4443,DO
4291,QA
3238,LR
1056,UG
1357,KZ
282,LK