director_id,director_name,gender,date_of_birth,country
0,James Cameron,Male,1936-09-10,United States
1,Gore Verbinski,Male,1979-10-24,United States
2,Sam Mendes,Male,1937-06-10,United States
3,Christopher Nolan,Male,2024-08-18,United Kingdom
4,Andrew Stanton,Male,2022-08-31,United Kingdom
5,Sam Raimi,Male,1971-02-11,United States
6,Byron Howard,Male,2028-09-01,United States
7,Joss Whedon,Male,1970-10-28,United Kingdom
8,David Yates,Male,1934-03-26,United States
9,Zack Snyder,Male,1968-08-25,United States
10,Bryan Singer,Male,1968-01-29,United Kingdom
11,Marc Forster,Male,2027-05-23,United Kingdom
12,Andrew Adamson,Male,1993-03-29,United States
13,Rob Marshall,Male,2020-02-03,United States
14,Barry Sonnenfeld,Male,1954-05-01,United States
15,Peter Jackson,Male,2029-10-08,United States
16,Marc Webb,Male,1992-02-08,United Kingdom
17,Ridley Scott,Male,1986-07-05,United Kingdom
18,Anthony Russo,Male,1983-12-27,United States
19,Peter Berg,Male,1995-11-04,United Kingdom
20,Colin Trevorrow,Male,1953-07-23,United States
21,Shane Black,Male,1960-08-31,United Kingdom
22,Tim Burton,Male,1975-08-07,United Kingdom
23,Brett Ratner,Male,1956-01-04,United Kingdom
24,Dan Scanlon,Male,1951-07-08,United States
25,Michael Bay,Male,1980-12-15,United Kingdom
26,Joseph Kosinski,Male,2029-05-01,United Kingdom
27,John Lasseter,Male,2028-12-20,United Kingdom
28,Martin Campbell,Male,1989-11-05,United States
29,Lee Unkrich,Male,1965-06-11,United States
30,McG,Male,1964-06-14,United States
31,James Wan,Male,1975-05-27,United Kingdom
32,J.J. Abrams,Male,1949-05-12,United Kingdom
33,Baz Luhrmann,Male,1994-08-27,United Kingdom
34,Mike Newell,Male,1994-02-11,United Kingdom
35,Guillermo del Toro,Male,2025-08-11,United States
36,Steven Spielberg,Male,1959-02-16,United Kingdom
37,Peter Sohn,Male,2027-01-24,United States
38,Brenda Chapman,Female,1945-12-02,United Kingdom
39,Roland Emmerich,Male,1941-08-09,United States
40,Robert Zemeckis,Male,1939-08-17,United States
41,Lilly Wachowski,Female,1930-02-28,United Kingdom
42,Pete Docter,Male,1955-12-27,United Kingdom
43,Conrad Vernon,Male,1967-06-22,United States
44,Jon Favreau,Male,1935-11-14,United States
45,Martin Scorsese,Male,1976-01-15,United Kingdom
46,Rob Cohen,Male,1953-01-09,United Kingdom
47,Tom Shadyac,Male,1969-07-02,United Kingdom
48,Doug Liman,Male,1935-09-28,United Kingdom
49,Stephen Sommers,Male,1947-09-03,United States
50,Rupert Sanders,Male,1948-08-06,United Kingdom
51,Matt Reeves,Male,1936-03-01,United States
52,Mike Mitchell,Male,1945-05-20,United Kingdom
53,Brad Bird,Male,1978-12-25,United States
54,Chris Williams,Male,1988-06-04,United States
55,Rich Moore,Male,1957-07-18,United States
56,Chris Sanders,Male,1951-01-14,United Kingdom
57,Jonathan Mostow,Male,1983-04-25,United States
58,James Gunn,Male,1974-05-05,United States
59,Hideaki Anno,Male,1968-01-09,United States
60,David Fincher,Male,1974-06-08,United Kingdom
61,Matthew Vaughn,Male,1976-11-02,United Kingdom
62,Francis Lawrence,Male,1950-11-24,United States
63,Jon Turteltaub,Male,1945-11-27,United States
64,Wolfgang Petersen,Male,1969-11-19,United Kingdom
65,Chris Miller,Male,1953-12-24,United Kingdom
66,Duncan Jones,Male,1981-01-15,United Kingdom
67,Alan Taylor,Male,1975-02-15,United Kingdom
68,Michael Apted,Male,1992-06-18,United States
69,Oliver Stone,Male,1935-07-05,United Kingdom
70,Jan Pinkava,Male,1935-07-31,United Kingdom
71,Eric Darnell,Male,1994-02-18,United Kingdom
72,Shawn Levy,Male,1988-03-30,United States
73,Gavin Hood,Male,1991-09-07,United States
74,George Miller,Male,1958-09-18,United Kingdom
75,Ron Howard,Male,2029-12-05,United Kingdom
76,Kenneth Branagh,Male,2020-12-16,United Kingdom
77,Joe Johnston,Male,1934-07-15,United States
78,Steve Hickner,Male,1946-08-11,United States
79,Jennifer Yuh Nelson,Female,1973-08-17,United States
80,M. Night Shyamalan,Male,1947-09-14,United Kingdom
81,Simon Wells,Male,1980-02-19,United Kingdom
82,David Bowers,Male,2020-09-16,United States
83,Joe Wright,Male,1965-03-07,United States
84,Rob Minkoff,Male,1960-10-19,United States
85,Lee Tamahori,Male,2029-11-19,United Kingdom
86,Paul Feig,Male,1942-01-10,United Kingdom
87,Peter Ramsey,Male,1933-08-02,United Kingdom
88,Dean Parisot,Male,1948-04-29,United Kingdom
89,Edward Zwick,Male,1969-11-09,United Kingdom
90,Dean DeBlois,Male,1977-01-12,United States
91,Alex Proyas,Male,1932-11-26,United States
92,Richard Donner,Male,2022-01-13,United Kingdom
93,Ang Lee,Male,1941-10-19,United Kingdom
94,Jon M. Chu,Male,1990-06-15,United Kingdom
95,Breck Eisner,Male,1936-10-10,United Kingdom
96,Peter Weir,Male,1972-08-02,United States
97,Bill Condon,Male,1970-10-05,United States
98,Louis Leterrier,Male,1962-04-24,United Kingdom
99,Alejandro González Iñárritu,Male,1994-04-03,United States
100,Paul Greengrass,Male,1952-05-08,United States
101,Mark Osborne,Male,1945-06-27,United States
102,Peyton Reed,Male,1979-03-16,United Kingdom
103,Tim Johnson,Male,2022-06-23,United Kingdom
104,Phillip Noyce,Male,1936-01-14,United States
105,Darren Aronofsky,Male,1936-03-26,United Kingdom
106,Alfonso Cuarón,Male,1963-12-18,United Kingdom
107,Ralph Zondag,Male,2020-05-30,United States
108,Tom McGrath,Male,1955-12-21,United States
109,Chris Columbus,Male,1930-10-26,United States
110,Robert Schwentke,Male,1992-04-04,United Kingdom
111,Carlos Saldanha,Male,1988-06-25,United Kingdom
112,Guy Ritchie,Male,1992-12-05,United Kingdom
113,Paul Verhoeven,Male,1957-04-19,United States
114,Tony Gilroy,Male,1985-02-09,United States
115,Joel Schumacher,Male,1947-08-01,United Kingdom
116,John Woo,Male,1969-08-09,United Kingdom
117,Tim Story,Male,1932-08-01,United Kingdom
118,Mark Steven Johnson,Male,1959-08-26,United States
119,Neill Blomkamp,Male,1991-07-19,United States
120,José Padilha,Male,1986-06-20,United States
121,James L. Brooks,Male,1944-08-05,United Kingdom
122,James Mangold,Male,1932-02-23,United States
123,George Lucas,Male,1986-11-04,United Kingdom
124,Thomas Langmann,Male,1990-09-03,United States
125,Roger Donaldson,Male,1965-03-24,United Kingdom
126,Josh Trank,Male,1943-06-12,United States
127,Brad Peyton,Male,2027-07-27,United Kingdom
128,Roger Spottiswoode,Male,1931-05-03,United States
129,Steven Soderbergh,Male,1930-03-03,United Kingdom
130,Michel Gondry,Male,2024-10-02,United States
131,Raja Gosnell,Male,1951-05-23,United Kingdom
132,Will Finn,Male,1955-04-21,United States
133,Jan de Bont,Male,1954-11-25,United Kingdom
134,Len Wiseman,Male,1944-09-29,United States
135,Frank Coraci,Male,1991-06-15,United Kingdom
136,Michael Mann,Male,1973-03-21,United States
137,Bo Welch,Male,2020-03-06,United States
138,Ron Clements,Male,1987-01-13,United States
139,Peter Chelsom,Male,1942-04-07,United States
140,Dominic Sena,Male,1938-11-13,United Kingdom
141,Tony Scott,Male,1983-05-10,United States
142,Paul Weitz,Male,1991-04-06,United States
143,Adam McKay,Male,1963-06-13,United States
144,Chuck Russell,Male,2027-05-17,United States
145,Quentin Tarantino,Male,1937-03-08,United Kingdom
146,Gary Trousdale,Male,1989-08-18,United Kingdom
147,Mark Dindal,Male,1953-07-12,United States
148,Simon West,Male,1942-09-04,United States
149,Spike Jonze,Male,1954-12-22,United States
150,Chris Wedge,Male,1957-12-16,United Kingdom
151,Florian Henckel von Donnersmarck,Male,1948-08-05,United States
152,Peter Hyams,Male,1956-12-16,United States
153,Tom Tykwer,Male,1962-04-23,United Kingdom
154,Pitof,Male,2020-01-20,United States
155,Patrick Hughes,Male,2023-04-13,United States
156,Ericson Core,Male,1965-09-15,United States
157,Ron Underwood,Male,1962-10-28,United Kingdom
158,Steve Martino,Male,1949-01-21,United Kingdom
159,David Mamet,Male,1966-04-21,United Kingdom
160,Zhang Yimou,Male,1948-04-11,United Kingdom
161,Ash Brannon,Male,2029-02-15,United Kingdom
162,Frank Oz,Male,2021-07-13,United Kingdom
163,Jay Roach,Male,1972-06-16,United Kingdom
164,Luc Besson,Male,1981-05-20,United Kingdom
165,Michael Patrick King,Male,2028-11-29,United Kingdom
166,Don Michael Paul,Male,2024-03-21,United States
167,Wally Pfister,Male,2025-02-06,United States
168,Mark Waters,Male,2025-10-16,United Kingdom
169,John Moore,Male,1953-10-16,United Kingdom
170,John Lee Hancock,Male,2029-04-03,United Kingdom
171,Renny Harlin,Male,1975-03-27,United Kingdom
172,Ben Stiller,Male,1945-10-05,United States
173,Tony Bancroft,Male,1961-05-26,United States
174,Timur Bekmambetov,Male,1954-07-05,United States
175,Walt Becker,Male,1974-08-31,United States
176,Dennis Dugan,Male,1979-06-11,United Kingdom
177,Sydney Pollack,Male,1941-04-20,United Kingdom
178,Thor Freudenthal,Male,1993-05-23,United Kingdom
179,Brian De Palma,Male,1954-09-19,United States
180,Mick Jackson,Male,1936-09-29,United Kingdom
181,Alan J. Pakula,Male,1967-03-16,United Kingdom
182,Kathryn Bigelow,Female,1979-10-15,United States
183,John Milius,Male,1930-01-05,United States
184,Andrei Konchalovsky,Male,1972-10-18,United States
185,Gary Ross,Male,1980-12-30,United States
186,Paul W.S. Anderson,Male,1953-06-26,United Kingdom
187,Kevin Lima,Male,1963-02-14,United Kingdom
188,Daniel Espinosa,Male,1934-04-30,United States
189,Nancy Meyers,Female,1960-08-17,United States
190,Jill Culton,Female,1984-10-23,United Kingdom
191,Neil Burger,Male,2023-09-13,United Kingdom
192,Jean-Jacques Annaud,Male,1939-02-20,United States
193,Barry Cook,Male,2028-04-06,United States
194,Martin Brest,Male,2029-07-11,United States
195,Andrew Davis,Male,1951-04-05,United Kingdom
196,Tarsem Singh,Male,1965-12-09,United States
197,Edgar Wright,Male,1960-01-01,United States
198,Jon Amiel,Male,1932-02-09,United Kingdom
199,Peter Segal,Male,1955-06-11,United Kingdom
200,George A. Romero,Male,1946-04-07,United States
201,Sylvester Stallone,Male,1959-12-16,United States
202,Todd Phillips,Male,1992-03-20,United Kingdom
203,Karey Kirkpatrick,Male,1957-04-30,United States
204,Gary Winick,Male,1940-07-15,United Kingdom
205,Mimi Leder,Female,1995-09-25,United States
206,Seth Gordon,Male,1946-10-21,United States
207,Adam Shankman,Male,1951-03-09,United Kingdom
208,D.J. Caruso,Male,1991-08-26,United States
209,Anthony Minghella,Male,1968-02-26,United States
210,Albert Hughes,Male,1968-06-26,United Kingdom
211,Joe Pytka,Male,1993-12-30,United Kingdom
212,Scott Derrickson,Male,1944-04-07,United States
213,Ivan Reitman,Male,1964-08-13,United States
214,Eric Brevig,Male,1955-04-13,United States
215,Kelly Asbury,Male,1993-04-14,United Kingdom
216,Stephen Hopkins,Male,2028-08-14,United Kingdom
217,Jonathan Demme,Male,1947-01-04,United States
218,Henry Jaglom,Male,2023-08-15,United Kingdom
219,James Algar,Male,1966-09-12,United States
220,Steven Brill,Male,1956-02-05,United States
221,Terry Gilliam,Male,1985-10-06,United Kingdom
222,Roger Christian,Male,1963-12-29,United Kingdom
223,Joe Dante,Male,2026-04-30,United States
224,Kevin Costner,Male,1989-08-04,United Kingdom
225,Antony Hoffman,Male,1945-10-08,United Kingdom
226,Jacques Perrin,Male,1958-09-04,United Kingdom
227,Roger Allers,Male,1987-01-22,United Kingdom
228,Cody Cameron,Male,1993-03-01,United Kingdom
229,John Singleton,Male,1974-01-25,United States
230,Oliver Hirschbiegel,Male,1953-09-27,United States
231,Des McAnuff,Male,1936-06-10,United States
232,Stephen Norrington,Male,1965-03-07,United States
233,Pierre Coffin,Male,2022-02-08,United Kingdom
234,David Kellogg,Male,1982-04-10,United States
235,Mike Nichols,Male,2027-07-22,United States
236,Vicky Jenson,Female,1956-06-24,United Kingdom
237,F. Gary Gray,Male,1941-10-01,United Kingdom
238,Antoine Fuqua,Male,1958-02-03,United Kingdom
239,Robert Luketic,Male,1951-08-04,United States
240,Gil Kenan,Male,1952-12-09,United States
241,Barry Levinson,Male,1972-07-27,United States
242,Jerry Zucker,Male,1948-04-30,United States
243,Andy Tennant,Male,1990-07-13,United Kingdom
244,Gary Goldman,Male,2026-06-08,United States
245,Ron Shelton,Male,2029-05-30,United Kingdom
246,Àlex Pastor,Male,1931-02-25,United Kingdom
247,Henry Selick,Male,1954-03-16,United States
248,Judd Apatow,Male,1946-03-15,United Kingdom
249,Steve Carr,Male,1934-02-28,United States
250,Mel Gibson,Male,1938-02-12,United States
251,David Silverman,Male,1995-06-27,United States
252,Frank Darabont,Male,1964-01-26,United States
253,Betty Thomas,Female,1986-12-30,United Kingdom
254,Garry Marshall,Male,1934-11-18,United States
255,Clark Johnson,Male,1958-01-13,United Kingdom
256,Cameron Crowe,Male,1953-05-11,United Kingdom
257,Randall Wallace,Male,1968-11-19,United States
258,Jonathan Frakes,Male,1937-08-08,United States
259,George Clooney,Male,1974-10-23,United Kingdom
260,Andrzej Bartkowiak,Male,1948-10-20,United Kingdom
261,Måns Mårlind,Male,1992-06-15,United States
262,Gregory Hoblit,Male,2021-08-10,United Kingdom
263,Mikael Salomon,Male,1954-09-21,United States
264,Bobby Farrelly,Male,1953-06-10,United States
265,Kerry Conran,Male,1959-12-15,United Kingdom
266,Michael Caton-Jones,Male,1960-11-30,United Kingdom
267,Phil Alden Robinson,Male,1930-09-07,United Kingdom
268,David Slade,Male,1990-11-22,United Kingdom
269,Joseph Ruben,Male,1976-01-25,United Kingdom
270,Seth MacFarlane,Male,2023-06-27,United States
271,Alejandro Amenábar,Male,2026-09-30,United States
272,Rob Bowman,Male,1993-05-10,United States
273,Scott Waugh,Male,1982-02-16,United States
274,Lawrence Kasdan,Male,1948-12-19,United States
275,Michael Lembeck,Male,1942-12-19,United States
276,Tom Hooper,Male,1964-11-03,United States
277,Angelina Jolie,Female,1958-12-12,United States
278,Clint Eastwood,Male,1963-02-12,United Kingdom
279,Larry Charles,Male,2021-12-19,United States
280,Stanley Kubrick,Male,1979-10-29,United Kingdom
281,Will Gluck,Male,1980-02-01,United Kingdom
282,Glenn Ficarra,Male,2029-06-09,United States
283,David S. Goyer,Male,1943-11-02,United States
284,Michael Lehmann,Male,1986-01-30,United Kingdom
285,Roman Polanski,Male,1968-11-25,United Kingdom
286,Baltasar Kormákur,Male,1990-06-28,United Kingdom
287,Daniel Lee,Male,2027-01-13,United Kingdom
288,Keenen Ivory Wayans,Male,1953-11-27,United Kingdom
289,Rob Reiner,Male,1954-03-01,United Kingdom
290,Marco Schnabel,Male,1930-06-06,United Kingdom
291,Demian Lichtenstein,Male,1941-06-12,United Kingdom
292,Josh Gordon,Male,1932-03-07,United Kingdom
293,Tim Hill,Male,1933-07-30,United Kingdom
294,David Frankel,Male,1957-12-25,United States
295,Marc Lawrence,Male,1995-12-27,United States
296,Peter Billingsley,Male,1932-12-04,United Kingdom
297,Ryan Murphy,Male,1936-02-28,United Kingdom
298,Robert Redford,Male,1966-09-29,United Kingdom
299,Jay Russell,Male,1955-08-28,United States
300,Kenny Ortega,Male,1932-08-02,United States
301,David McNally,Male,1988-06-24,United Kingdom
302,Brian Robbins,Male,1957-10-04,United States
303,Brian Levant,Male,1937-12-02,United States
304,Steven Zaillian,Male,1944-05-03,United States
305,Sam Fell,Male,1930-11-13,United States
306,Jon Avnet,Male,2029-05-15,United States
307,Kevin Donovan,Male,2024-12-28,United Kingdom
308,Geoff Murphy,Male,1951-02-06,United States
309,David O. Russell,Male,1956-07-27,United Kingdom
310,Babak Najafi,Male,1931-04-19,United Kingdom
311,Jean-Pierre Jeunet,Male,1986-12-25,United States
312,Anthony Stacchi,Male,1976-06-15,United States
313,John Pasquin,Male,1956-06-14,United States
314,Ruben Fleischer,Male,1939-03-28,United States
315,Harold Ramis,Male,1943-02-11,United Kingdom
316,Kevin Macdonald,Male,1950-04-21,United Kingdom
317,Donald Petrie,Male,1975-06-15,United States
318,Jorge Blanco,Male,1954-01-28,United Kingdom
319,Stuart Baird,Male,1933-03-04,United Kingdom
320,Robert Lorenz,Male,1981-02-17,United Kingdom
321,Harold Becker,Male,1992-09-05,United Kingdom
322,Tony Bill,Male,1958-05-14,United States
323,Rod Lurie,Male,1983-07-28,United Kingdom
324,Walter Hill,Male,1990-07-13,United States
325,Akiva Goldsman,Male,1948-01-25,United States
326,Harald Zwart,Male,1934-11-13,United States
327,Walter Salles,Male,1989-06-14,United Kingdom
328,Iain Softley,Male,1945-11-17,United States
329,Frank Miller,Male,1969-08-14,United Kingdom
330,David Koepp,Male,1961-02-11,United Kingdom
331,Uwe Boll,Male,1936-07-28,United Kingdom
332,Soi Cheang,Male,1953-01-08,United Kingdom
333,John Dahl,Male,1965-11-23,United Kingdom
334,Tim Miller,Male,1948-01-29,United States
335,Stephen Herek,Male,1939-10-03,United Kingdom
336,Peter MacDonald,Male,1981-06-08,United States
337,Sean Anders,Male,1969-01-21,United States
338,Brian Taylor,Male,2027-10-26,United Kingdom
339,Kevin Bray,Male,1971-09-09,United States
340,Mike Gabriel,Male,1967-03-29,United States
341,Sam Weisman,Male,1993-01-24,United Kingdom
342,Jesse Dylan,Male,1952-06-26,United Kingdom
343,Gabriele Muccino,Male,1989-10-21,United States
344,Tom Dey,Male,2026-10-04,United Kingdom
345,Jimmy Hayward,Male,2027-12-13,United Kingdom
346,Alan Parker,Male,1986-08-04,United States
347,John Frankenheimer,Male,1977-11-04,United Kingdom
348,Paul King,Male,1949-04-17,United States
349,Akiva Schaffer,Male,1981-01-27,United States
350,Kent Alterman,Male,1939-12-07,United States
351,Peter Lord,Male,1988-09-30,United States
352,Shekhar Kapur,Male,1943-01-26,United Kingdom
353,Karyn Kusama,Female,1953-01-12,United States
354,Ronald F. Maxwell,Male,1960-06-26,United States
355,Robert Butler,Male,1987-12-22,United States
356,Steve Antin,Male,1995-03-04,United Kingdom
357,Jim Gillespie,Male,1979-08-10,United Kingdom
358,Francis Ford Coppola,Male,2026-01-09,United Kingdom
359,Scott Cooper,Male,1951-12-31,United Kingdom
360,Curtis Hanson,Male,1973-01-19,United States
361,Phyllida Lloyd,Female,1952-12-04,United States
362,Jay Chandrasekhar,Male,1978-11-02,United States
363,Terrence Malick,Male,1983-10-18,United States
364,David Dobkin,Male,2027-11-17,United Kingdom
365,Miloš Forman,Male,1942-09-07,United States
366,Pierre Morel,Male,1932-02-26,United States
367,Paul Hunter,Male,1934-10-12,United Kingdom
368,Steve Oedekerk,Male,1991-12-24,United Kingdom
369,John Whitesell,Male,1934-09-11,United States
370,George Nolfi,Male,1940-03-17,United States
371,Spike Lee,Male,1935-07-11,United States
372,Brian Helgeland,Male,1982-03-17,United States
373,Frank Marshall,Male,1993-12-31,United States
374,Hideo Nakata,Male,1947-11-05,United States
375,Peter Hewitt,Male,1986-04-13,United Kingdom
376,Bennett Miller,Male,1950-01-31,United States
377,Jaume Collet-Serra,Male,2027-11-07,United Kingdom
378,Andy Fickman,Male,1947-04-23,United States
379,James McTeigue,Male,1967-06-27,United States
380,Matthew O'Callaghan,Male,1950-09-15,United Kingdom
381,Angela Robinson,Female,1954-04-23,United States
382,Gary Fleder,Male,1980-07-08,United States
383,Tommy Wirkola,Male,1993-06-13,United Kingdom
384,Adrian Lyne,Male,1963-05-20,United Kingdom
385,Stephen Gaghan,Male,1940-05-04,United Kingdom
386,Richard Loncraine,Male,1958-09-04,United States
387,Christophe Gans,Male,2027-09-01,United States
388,Howard Deutch,Male,2020-03-08,United Kingdom
389,Jon Hurwitz,Male,1935-03-10,United States
390,Steven Quale,Male,1990-02-04,United States
391,John Landis,Male,1990-01-24,United States
392,Alexander Witt,Male,2021-01-30,United Kingdom
393,Beeban Kidron,Female,1948-07-13,United States
394,Steven Seagal,Male,1933-12-20,United States
395,Danny Boyle,Male,1946-04-11,United Kingdom
396,Barbet Schroeder,Male,1966-03-03,United States
397,Peter Webber,Male,1941-07-21,United States
398,Andrew Niccol,Male,1957-02-26,United States
399,John Carpenter,Male,1981-01-03,United States
400,Wes Anderson,Male,1939-10-18,United Kingdom
401,David Cronenberg,Male,1990-04-01,United Kingdom
402,John Stockwell,Male,1988-11-03,United States
403,David Gordon Green,Male,1934-09-30,United Kingdom
404,Jim Sheridan,Male,2023-09-16,United States
405,Patrick Read Johnson,Male,1960-06-26,United Kingdom
406,Richard LaGravenese,Male,1986-07-17,United Kingdom
407,Danny DeVito,Male,1992-01-18,United States
408,James Wong,Male,2023-04-06,United States
409,Richard Curtis,Male,1940-01-09,United States
410,Chuck Bowman,Male,1970-12-21,United States
411,Olivier Megaton,Male,1955-09-11,United Kingdom
412,Deepa Mehta,Female,2029-01-11,United Kingdom
413,Warren Beatty,Male,1937-04-09,United Kingdom
414,Penny Marshall,Female,1988-09-24,United States
415,Ted Kotcheff,Male,1954-06-27,United Kingdom
416,Andrei Tarkovsky,Male,1993-12-05,United Kingdom
417,P.J. Hogan,Male,2029-04-12,United States
418,Brad Furman,Male,1935-12-27,United States
419,Terence Young,Male,1961-02-17,United States
420,David Zucker,Male,1932-01-17,United Kingdom
421,Denis Villeneuve,Male,1955-01-01,United States
422,Thomas Carter,Male,1995-07-19,United States
423,Roger Michell,Male,1969-07-26,United States
424,Luis Llosa,Male,2023-12-20,United Kingdom
425,Melville Shavelson,Male,1939-11-08,United States
426,Garth Jennings,Male,1988-06-30,United Kingdom
427,Joel Zwick,Male,2028-02-17,United States
428,Russell Mulcahy,Male,1947-04-15,United States
429,David R. Ellis,Male,2020-02-16,United Kingdom
430,Peter Howitt,Male,2021-04-25,United States
431,John A. Davis,Male,1945-12-20,United States
432,David Lynch,Male,1963-02-15,United Kingdom
433,Julie Taymor,Female,1956-03-10,United States
434,Mathieu Kassovitz,Male,1981-07-07,United States
435,John Gray,Male,2025-05-04,United Kingdom
436,John Schultz,Male,1961-06-03,United States
437,Sean Penn,Male,1944-05-17,United Kingdom
438,Susan Stroman,Female,1962-02-20,United States
439,Billy Bob Thornton,Male,1974-05-04,United Kingdom
440,Danny Pang,Male,1973-03-18,United Kingdom
441,George P. Cosmatos,Male,1955-09-07,United Kingdom
442,Oliver Parker,Male,1935-12-27,United States
443,Lawrence Kasanoff,Male,1976-04-28,United Kingdom
444,Ben Affleck,Male,1949-03-15,United States
445,Brian Gibson,Male,2020-08-27,United Kingdom
446,Ben Sharpsteen,Male,2024-07-13,United States
447,Michael Cimino,Male,1963-02-07,United Kingdom
448,Gus Van Sant,Male,1977-12-16,United States
449,Roger Kumble,Male,1943-09-23,United Kingdom
450,Nick Park,Male,1984-12-05,United Kingdom
451,John Hamburg,Male,1935-10-07,United States
452,Reginald Hudlin,Male,1933-12-29,United States
453,Joseph L. Mankiewicz,Male,1977-05-01,United Kingdom
454,Mark Pellington,Male,1964-12-07,United Kingdom
455,John Glen,Male,1987-07-07,United Kingdom
456,Catherine Hardwicke,Female,2020-11-22,United Kingdom
457,John Herzfeld,Male,1994-01-25,United Kingdom
458,Julie Anne Robinson,Female,1969-03-26,United Kingdom
459,Seth Rogen,Male,2023-04-20,United Kingdom
460,Sngmoo Lee,Male,2029-11-06,United Kingdom
461,Jamel Debbouze,Male,1960-11-06,United States
462,John G. Avildsen,Male,1992-09-08,United States
463,Anne Fletcher,Female,2028-08-22,United Kingdom
464,Bruce Beresford,Male,1979-09-08,United States
465,Sam Taylor-Johnson,Female,2025-05-09,United Kingdom
466,Wes Craven,Male,1963-07-06,United Kingdom
467,Nick Cassavetes,Male,1947-05-04,United States
468,Nicholas Stoller,Male,1969-07-12,United States
469,Nimród Antal,Male,1980-03-24,United Kingdom
470,Alejandro Agresti,Male,1963-02-18,United States
471,Peter Hedges,Male,1985-12-06,United Kingdom
472,Paul Weiland,Male,1973-03-02,United Kingdom
473,Colin Strause,Male,1933-08-15,United States
474,Joan Chen,Female,1979-12-21,United Kingdom
475,Greg Mottola,Male,2025-07-22,United Kingdom
476,Jake Kasdan,Male,2027-02-19,United Kingdom
477,Diane Keaton,Female,1962-03-14,United Kingdom
478,Kelly Makin,Male,1976-12-09,United Kingdom
479,Stephen Daldry,Male,1932-03-26,United Kingdom
480,Christian Duguay,Male,1988-02-28,United Kingdom
481,Justin Chadwick,Male,1985-05-09,United Kingdom
482,Pat O'Connor,Male,1961-03-13,United Kingdom
483,Frederik Du Chau,Male,2021-02-06,United States
484,Irwin Winkler,Male,1982-02-13,United Kingdom
485,Joseph Kahn,Male,1968-01-10,United Kingdom
486,Sofia Coppola,Female,2029-01-16,United Kingdom
487,Stephen T. Kay,Male,1994-05-14,United Kingdom
488,Juan Antonio Bayona,Male,2024-10-30,United Kingdom
489,Elaine May,Female,1978-02-10,United Kingdom
490,Dennie Gordon,Female,1932-03-29,United Kingdom
491,Charles Shyer,Male,2023-04-05,United Kingdom
492,Ulu Grosbard,Male,2022-02-23,United States
493,William Malone,Male,1954-09-29,United Kingdom
494,Malcolm D. Lee,Male,1956-11-21,United Kingdom
495,Jerry Jameson,Male,2023-06-08,United States
496,Mic Rodgers,Male,1979-03-19,United Kingdom
497,Christian Alvart,Male,2021-07-04,United Kingdom
498,Jean-Marie Poiré,Male,1952-10-21,United States
499,Marc F. Adler,Male,1982-06-14,United States
500,Geoffrey Sax,Male,1976-01-12,United Kingdom
501,Richard Shepard,Male,1967-12-04,United Kingdom
502,Peter Chan,Male,1945-05-07,United States
503,Sergei Bodrov Jr.,Male,1982-07-29,United Kingdom
504,Bong Joon-ho,Male,1987-10-16,United Kingdom
505,Bibo Bergeron,Male,1980-01-13,United Kingdom
506,Jeff Nathanson,Male,1995-04-21,United Kingdom
507,S.S. Rajamouli,Male,1991-04-18,United Kingdom
508,Charles S. Dutton,Male,1980-02-17,United Kingdom
509,Jonathan Lynn,Male,1945-10-07,United States
510,David Carson,Male,1992-02-21,United States
511,Wong Kar-wai,Male,1994-05-16,United States
512,Norman Jewison,Male,1935-04-28,United States
513,David Mirkin,Male,2021-03-09,United States
514,Lee Daniels,Male,1938-01-03,United Kingdom
515,Jeb Stuart,Male,1939-08-16,United States
516,Steve Miner,Male,1968-02-14,United States
517,Paul Thomas Anderson,Male,1983-10-26,United States
518,David Leland,Male,1990-01-17,United States
519,J Blakeson,Male,1992-10-07,United States
520,Ryan Coogler,Male,1963-03-09,United Kingdom
521,Jennifer Flackett,Female,1945-12-07,United Kingdom
522,Kevin Smith,Male,2026-02-28,United States
523,Christian Ditter,Male,1974-11-01,United States
524,Charles Martin Smith,Male,1980-08-07,United States
525,Fyodor Bondarchuk,Male,1956-03-26,United States
526,Irvin Kershner,Male,1990-11-14,United States
527,Steve Pink,Male,1993-12-17,United Kingdom
528,Scott Hicks,Male,1950-03-02,United States
529,Kirk De Micco,Male,1989-01-06,United States
530,Chris Rock,Male,1973-08-03,United Kingdom
531,Wilson Yip,Male,1942-01-15,United States
532,Robert Wise,Male,1974-07-04,United Kingdom
533,Kevin Rodney Sullivan,Male,2022-04-02,United Kingdom
534,Kevin Munroe,Male,1975-09-21,United Kingdom
535,Mike Tollin,Male,1966-09-07,United Kingdom
536,Patrick Tatopoulos,Male,1978-07-14,United States
537,Gary David Goldberg,Male,1950-05-25,United States
538,Tobe Hooper,Male,1976-07-25,United States
539,Alan Poul,Male,1990-06-29,United States
540,Luke Greenfield,Male,1972-01-06,United States
541,Gil Junger,Male,1990-11-06,United States
542,Michael Ritchie,Male,2026-08-05,United Kingdom
543,Steven E. de Souza,Male,1963-05-13,United States
544,Alexandre Aja,Male,2021-02-05,United States
545,Michael Rymer,Male,1971-02-17,United Kingdom
546,Hugh Wilson,Male,1938-12-15,United Kingdom
547,Chris Carter,Male,1933-09-03,United Kingdom
548,Tommy O'Haver,Male,2023-10-30,United States
549,Gary Chapman,Male,1962-03-27,United States
550,Craig Mazin,Male,1941-04-14,United Kingdom
551,Allen Hughes,Male,1938-05-02,United Kingdom
552,Peter Yates,Male,1953-01-30,United States
553,Lasse Hallström,Male,1962-04-14,United Kingdom
554,Jean-Marc Vallée,Male,1977-06-15,United States
555,Tsui Hark,Male,1968-05-08,United States
556,Bille August,Male,2022-05-10,United States
557,Moustapha Akkad,Male,1969-01-30,United Kingdom
558,Jean-Paul Rappeneau,Male,1958-03-29,United Kingdom
559,Tony Kaye,Male,1937-12-20,United States
560,Hugh Johnson,Male,1971-05-23,United Kingdom
561,Hayao Miyazaki,Male,1937-08-07,United States
562,"George Tillman, Jr.",Male,1931-02-12,United Kingdom
563,Rand Ravich,Male,1993-07-07,United States
564,Hugh Hudson,Male,1950-10-14,United States
565,Ben Stassen,Male,1941-02-17,United Kingdom
566,Chris Gorak,Male,1966-07-23,United Kingdom
567,Scott Speer,Male,2025-05-06,United Kingdom
568,Joe Charbanic,Male,1991-11-26,United States
569,Jonathan Hensleigh,Male,1945-08-23,United States
570,Danny Cannon,Male,1992-11-15,United States
571,Boaz Yakin,Male,2027-10-07,United States
572,Richard Marquand,Male,1994-03-25,United Kingdom
573,Neil Marshall,Male,1983-09-14,United Kingdom
574,David Wain,Male,2028-10-11,United Kingdom
575,Jared Hess,Male,1971-02-27,United Kingdom
576,Rupert Wainwright,Male,1956-07-03,United Kingdom
577,John Luessenhop,Male,1952-12-20,United Kingdom
578,Justin Zackham,Male,1995-04-26,United Kingdom
579,John Gatins,Male,2022-11-01,United States
580,Miguel Sapochnik,Male,1979-03-27,United Kingdom
581,Shim Hyung-Rae,Male,2023-09-08,United Kingdom
582,Don Scardino,Male,1939-02-06,United States
583,Tim Robbins,Male,1953-05-31,United States
584,Tom Reeve,Male,1968-11-10,United Kingdom
585,Nanette Burstein,Female,1936-02-18,United States
586,Ariel Vromen,Male,1961-01-28,United States
587,Lewis Gilbert,Male,1950-07-17,United States
588,John Francis Daley,Male,1963-07-02,United Kingdom
589,Michael Sucsy,Male,1961-11-27,United States
590,Tom Vaughan,Male,1984-04-20,United States
591,Stephen Hillenburg,Male,1969-06-13,United States
592,Jason Reitman,Male,1980-04-12,United States
593,Jonathan Levine,Male,1946-02-20,United Kingdom
594,Rian Johnson,Male,2023-04-18,United States
595,Chris Noonan,Male,1937-04-04,United States
596,Michael McCullers,Male,2023-11-09,United Kingdom
597,Forest Whitaker,Male,1959-05-25,United States
598,Woody Allen,Male,1959-10-26,United Kingdom
599,Ted Demme,Male,1953-12-01,United Kingdom
600,William Shatner,Male,1934-01-23,United States
601,James Gartner,Male,2025-01-06,United States
602,Lee Toland Krieger,Male,1958-11-24,United Kingdom
603,Tim McCanlies,Male,1972-11-22,United Kingdom
604,Drew Goddard,Male,1955-05-09,United States
605,Jason Friedberg,Male,1986-09-03,United Kingdom
606,Paul Michael Glaser,Male,1970-12-12,United Kingdom
607,John R. Leonetti,Male,1967-03-06,United Kingdom
608,Tom Hanks,Male,1985-02-21,United Kingdom
609,Liz Friedlander,Female,1981-10-13,United Kingdom
610,Phil Joanou,Male,1972-02-04,United Kingdom
611,Shane Acker,Male,2023-02-13,United Kingdom
612,Martha Coolidge,Female,1979-10-27,United States
613,Troy Miller,Male,1957-08-14,United Kingdom
614,Tate Taylor,Male,1957-07-04,United States
615,Nick Hurran,Male,1932-01-15,United States
616,Charles Stone III,Male,1976-03-23,United Kingdom
617,Paul Haggis,Male,1952-03-24,United States
618,Kurt Wimmer,Male,1995-03-01,United Kingdom
619,Kevin Hooks,Male,2026-04-27,United States
620,Ellory Elkayem,Male,1978-09-02,United Kingdom
621,Niki Caro,Female,1972-01-07,United States
622,Vincenzo Natali,Male,1988-11-01,United States
623,Willard Huyck,Male,1957-05-05,United States
624,Gavin O'Connor,Male,1994-03-14,United Kingdom
625,Bruce Hunt,Male,1943-01-11,United States
626,Christopher Roberts,Male,1965-10-30,United Kingdom
627,Nick Hamm,Male,1978-07-05,United States
628,Andy Cadiff,Male,1993-10-24,United States
629,Richard J. Lewis,Male,1936-03-08,United States
630,Sergio Leone,Male,1977-11-13,United Kingdom
631,Niels Arden Oplev,Male,1940-10-21,United Kingdom
632,Michael Radford,Male,1940-06-29,United Kingdom
633,Steve Boyum,Male,1952-02-07,United States
634,Chen Kaige,Male,2028-03-05,United Kingdom
635,Andrew Dominik,Male,1948-02-26,United States
636,Jackie Chan,Male,1985-09-26,United Kingdom
637,Reinhard Klooss,Male,1943-08-08,United States
638,Frédéric Auburtin,Male,1952-10-28,United Kingdom
639,Olivier Dahan,Male,1938-04-08,United States
640,Liliana Cavani,Female,1972-11-22,United States
641,Elizabeth Banks,Female,2028-04-16,United Kingdom
642,Edward Norton,Male,1971-03-24,United States
643,Ben Falcone,Male,1972-07-04,United Kingdom
644,Richard Attenborough,Male,1994-02-12,United States
645,Don Mancini,Male,1990-06-24,United Kingdom
646,John Maybury,Male,1978-11-21,United Kingdom
647,Norton Virgien,Male,1945-09-26,United States
648,Miguel Arteta,Male,1986-06-02,United States
649,James Gray,Male,1930-09-18,United Kingdom
650,Janusz Kamiński,Male,1954-01-15,United Kingdom
651,Jeff Wadlow,Male,1981-05-02,United States
652,David Lean,Male,2028-01-28,United Kingdom
653,Richard Eyre,Male,1946-08-26,United States
654,Nicholas Meyer,Male,1970-10-09,United Kingdom
655,Callie Khouri,Female,2021-10-02,United States
656,Sanaa Hamri,Female,1963-10-15,United Kingdom
657,Todd Graff,Male,1983-02-10,United States
658,Philip Kaufman,Male,2027-01-04,United States
659,Saul Dibb,Male,1933-12-01,United States
660,Walter Murch,Male,1940-04-18,United States
661,Richard Linklater,Male,2023-07-04,United Kingdom
662,Menno Meyjes,Male,1936-08-28,United States
663,Jodie Foster,Female,1969-02-28,United States
664,Scott Frank,Male,1955-12-10,United States
665,Kevin Allen,Male,1943-06-27,United States
666,Michael Cristofer,Male,1966-03-10,United Kingdom
667,Andrew Morahan,Male,1956-11-08,United Kingdom
668,Bob Rafelson,Male,1971-07-05,United States
669,Michael Cohn,Male,1981-02-26,United Kingdom
670,Alan Shapiro,Male,1958-02-12,United Kingdom
671,Fernando Meirelles,Male,1967-10-04,United States
672,Michael Hoffman,Male,1971-10-11,United Kingdom
673,Michael Winterbottom,Male,1976-01-26,United States
674,Michael Pressman,Male,1991-10-02,United States
675,Sharon Maguire,Female,1961-06-12,United States
676,Charles Herman-Wurmfeld,Male,2020-10-13,United Kingdom
677,Gábor Csupó,Male,1973-07-18,United Kingdom
678,Tyler Perry,Male,1961-01-15,United States
679,Joe Carnahan,Male,2027-06-17,United States
680,John Polson,Male,1936-03-17,United States
681,Bernardo Bertolucci,Male,1950-10-27,United Kingdom
682,Cathy Malkasian,Female,1972-12-31,United States
683,Chris Nahon,Male,1971-03-20,United States
684,Fred Wolf,Male,1954-02-26,United Kingdom
685,Victor Salva,Male,1947-11-21,United Kingdom
686,Mark Helfrich,Male,1948-10-27,United Kingdom
687,Steve Bendelack,Male,1992-07-25,United Kingdom
688,Guillaume Canet,Male,2025-01-28,United Kingdom
689,Kirsten Sheridan,Female,1973-09-01,United States
690,Bob Spiers,Male,1956-08-31,United States
691,Damien Dante Wayans,Male,2029-08-23,United States
692,John Wells,Male,1968-10-18,United States
693,Nigel Cole,Male,1972-05-04,United States
694,Dexter Fletcher,Male,1945-04-10,United Kingdom
695,Jeremy Leven,Male,1961-09-27,United States
696,Sylvain White,Male,1971-03-08,United States
697,Troy Nixey,Male,1975-04-01,United States
698,Philip G. Atwell,Male,1967-10-30,United States
699,Jeff Schaffer,Male,1982-07-21,United Kingdom
700,James Bridges,Male,1992-12-02,United States
701,Steve Barron,Male,2027-05-01,United Kingdom
702,Bill Paxton,Male,1945-08-07,United States
703,Richard Kelly,Male,1963-12-25,United Kingdom
704,John Schlesinger,Male,1960-04-14,United States
705,Ringo Lam,Male,1932-07-17,United Kingdom
706,Bruce McCulloch,Male,1948-03-27,United Kingdom
707,Pascal Chaumeil,Male,1981-03-23,United States
708,Jonathan Kaplan,Male,1969-03-20,United Kingdom
709,Ole Bornedal,Male,2026-05-30,United States
710,Richard Benjamin,Male,1966-07-31,United Kingdom
711,Craig R. Baxley,Male,1930-02-28,United Kingdom
712,John Hillcoat,Male,1944-10-04,United Kingdom
713,John Guillermin,Male,1976-04-30,United States
714,Marcos Siega,Male,1993-10-17,United Kingdom
715,Rachel Talalay,Female,1978-03-08,United States
716,Atom Egoyan,Male,1982-12-20,United Kingdom
717,Robert Towne,Male,1987-03-27,United Kingdom
718,Werner Herzog,Male,1938-09-26,United Kingdom
719,Inna Evlannikova,Female,1994-07-02,United Kingdom
720,Jonathan English,Male,1941-02-04,United Kingdom
721,Sergey Bondarchuk,Male,1976-02-01,United States
722,Mario Van Peebles,Male,2026-02-09,United Kingdom
723,Leonard Nimoy,Male,1967-02-22,United Kingdom
724,Bonnie Hunt,Female,1965-11-13,United States
725,Neil LaBute,Male,2020-04-17,United Kingdom
726,Grant Heslov,Male,1959-04-08,United States
727,George Gallo,Male,1937-05-11,United Kingdom
728,Douglas McGrath,Male,1931-12-17,United Kingdom
729,Kevin Spacey,Male,1995-05-04,United Kingdom
730,Mary McGuckian,Female,1940-07-12,United Kingdom
731,Tony Goldwyn,Male,1941-04-12,United States
732,Jonathan Newman,Male,1944-03-23,United States
733,Michael Dinner,Male,1983-01-11,United States
734,Joseph Sargent,Male,1933-03-21,United Kingdom
735,Jerry Zaks,Male,1955-08-14,United Kingdom
736,Fred Durst,Male,1940-10-22,United States
737,Anne Fontaine,Female,1965-07-31,United Kingdom
738,Mira Nair,Female,1939-09-23,United States
739,Mel Brooks,Male,1966-10-10,United States
740,Russell Crowe,Male,1963-09-24,United Kingdom
741,Jessie Nelson,Female,1957-12-31,United Kingdom
742,Mike Bigelow,Male,2020-12-28,United States
743,Daniel Sackheim,Male,2024-12-29,United Kingdom
744,Deborah Kaplan,Female,2027-12-07,United States
745,Fred Dekker,Male,1988-08-29,United Kingdom
746,Blake Edwards,Male,1959-06-18,United States
747,Christian Carion,Male,1934-05-23,United Kingdom
748,Dax Shepard,Male,1943-08-17,United States
749,Rowan Joffe,Male,1950-11-26,United Kingdom
750,John Curran,Male,1947-08-23,United Kingdom
751,Juan José Campanella,Male,1983-02-22,United Kingdom
752,Trey Parker,Male,1934-03-15,United States
753,Stuart Gillard,Male,1933-04-30,United States
754,Katt Shea,Female,1945-12-19,United Kingdom
755,Joshua Michael Stern,Male,1956-01-23,United Kingdom
756,Tomas Alfredson,Male,1946-12-08,United States
757,John Duigan,Male,1945-10-01,United States
758,Colin Higgins,Male,1963-03-22,United Kingdom
759,Jim Sonzero,Male,1970-08-22,United Kingdom
760,Jeff Tremaine,Male,1969-07-07,United Kingdom
761,Jeannot Szwarc,Male,1984-03-15,United States
762,Steve McQueen,Male,1995-04-07,United Kingdom
763,Thea Sharrock,Female,1955-09-28,United Kingdom
764,Jon Lucas,Male,1949-01-29,United Kingdom
765,Ava DuVernay,Female,1957-04-04,United States
766,Jun Falkenstein,Female,2020-07-22,United States
767,Takashi Shimizu,Male,1979-10-05,United Kingdom
768,Gary Nelson,Male,2023-11-18,United States
769,Anton Corbijn,Male,1982-08-14,United States
770,Gregory Nava,Male,1949-05-10,United States
771,John Patrick Shanley,Male,1941-04-08,United States
772,Joshua Logan,Male,1941-06-25,United Kingdom
773,Steve Beck,Male,1971-09-09,United Kingdom
774,Todd Strauss-Schulson,Male,1989-12-03,United Kingdom
775,John McNaughton,Male,1989-08-27,United Kingdom
776,Nelson McCormick,Male,1950-02-21,United Kingdom
777,Andrew Fleming,Male,1967-12-18,United States
778,Michael Spierig,Male,1942-05-28,United States
779,Jim Field Smith,Male,1967-05-14,United States
780,Thomas Bezucha,Male,1970-11-24,United States
781,William Brent Bell,Male,2023-04-29,United Kingdom
782,Ben Gluck,Male,1963-09-20,United Kingdom
783,Jessica Bendinger,Female,1992-07-23,United Kingdom
784,Henry Joost,Male,1938-01-12,United States
785,Ed Harris,Male,1957-11-10,United Kingdom
786,Alfred Hitchcock,Male,1981-06-06,United States
787,Steve Rash,Male,2021-09-19,United States
788,Mike Binder,Male,1986-07-09,United States
789,Michael J. Bassett,Male,1985-09-18,United States
790,Frank Nissen,Male,1973-08-29,United Kingdom
791,Stephen Chow,Male,1970-12-18,United States
792,Peter Hastings,Male,2022-10-23,United States
793,Paul Abascal,Male,1971-04-23,United States
794,Chris Koch,Male,1949-03-25,United Kingdom
795,Amy Heckerling,Female,1959-05-08,United States
796,Michael Moore,Male,1947-04-18,United Kingdom
797,George Stevens,Male,1989-01-27,United Kingdom
798,Billy Ray,Male,1948-01-22,United Kingdom
799,Mark Mylod,Male,2028-05-28,United Kingdom
800,Michael O. Sajbel,Male,1967-03-12,United Kingdom
801,Charles T. Kanganis,Male,2022-09-05,United Kingdom
802,Damon Santostefano,Male,1979-07-19,United States
803,Bob Clark,Male,1983-07-30,United Kingdom
804,Frank Passingham,Male,2028-05-17,United States
805,Glen Morgan,Male,1979-08-12,United States
806,Mike Leigh,Male,1971-06-26,United States
807,Jonathan Glazer,Male,2024-09-07,United States
808,Paul Gross,Male,1947-04-26,United Kingdom
809,Marc Abraham,Male,1942-05-03,United Kingdom
810,Todd Haynes,Male,2023-05-13,United Kingdom
811,Mabrouk El Mechri,Male,1949-09-13,United States
812,Charlie Kaufman,Male,1973-03-11,United Kingdom
813,Nancy Walker,Female,1958-01-15,United Kingdom
814,Matthew Diamond,Male,1960-11-08,United Kingdom
815,Katsuhiro Ōtomo,Male,1983-07-18,United States
816,David Anspaugh,Male,2021-12-11,United Kingdom
817,Andrew Jarecki,Male,1948-12-14,United States
818,Daniel Algrant,Male,1984-04-30,United Kingdom
819,Mike Barker,Male,1956-10-22,United Kingdom
820,Mark Rosman,Male,2020-12-27,United Kingdom
821,Brian Percival,Male,1966-01-17,United States
822,Anand Tucker,Male,1991-09-30,United Kingdom
823,Anthony Mann,Male,1952-09-05,United States
824,Michael Dowse,Male,1967-12-25,United Kingdom
825,Daniel Barnz,Male,1979-01-26,United Kingdom
826,Emile Ardolino,Male,1968-10-17,United Kingdom
827,Robert Altman,Male,2023-03-25,United Kingdom
828,Andrew Douglas,Male,1944-04-16,United Kingdom
829,Ricky Gervais,Male,1961-01-30,United Kingdom
830,Vic Armstrong,Male,1948-04-26,United Kingdom
831,Audrey Wells,Female,1950-06-26,United Kingdom
832,Rick Friedberg,Male,1995-09-30,United Kingdom
833,Sean McNamara,Male,1932-02-14,United States
834,Jody Hill,Male,2021-11-29,United Kingdom
835,Brandon Camp,Male,1980-12-15,United Kingdom
836,Kevin Tancharoen,Male,2021-05-23,United States
837,Nicholas Hytner,Male,1931-04-12,United States
838,Bart Freundlich,Male,1944-09-10,United States
839,William A. Fraker,Male,1940-07-22,United States
840,John Boorman,Male,1945-03-01,United Kingdom
841,Courtney Solomon,Male,1971-11-29,United States
842,Jeff Kanew,Male,1971-12-22,United Kingdom
843,Matthew Robbins,Male,1964-03-01,United Kingdom
844,Hal Needham,Male,1979-07-11,United States
845,Jeff Nichols,Male,2021-01-02,United States
846,Michael Haneke,Male,1977-12-28,United Kingdom
847,Zack Ward,Male,2025-09-03,United Kingdom
848,Mike Marvin,Male,1945-08-03,United Kingdom
849,Gregor Jordan,Male,1971-06-28,United Kingdom
850,Olivier Assayas,Male,1979-09-06,United Kingdom
851,Tran Anh Hung,Male,1994-10-24,United Kingdom
852,Lance Hool,Male,1971-01-27,United States
853,Christian Volckman,Male,1975-08-27,United States
854,David Hayter,Male,1958-04-10,United Kingdom
855,Cory Edwards,Male,1960-09-11,United Kingdom
856,Terry George,Male,1962-02-03,United States
857,Xavier Gens,Male,1961-03-19,United Kingdom
858,Kasi Lemmons,Female,1951-09-25,United Kingdom
859,Matt Dillon,Male,1982-11-09,United Kingdom
860,Kevin Greutert,Male,1990-12-07,United Kingdom
861,John Fortenberry,Male,2029-11-30,United States
862,Erik White,Male,1937-06-17,United States
863,Jason Moore,Male,1988-05-17,United States
864,Robert Harmon,Male,1930-03-11,United States
865,Trent Cooper,Male,1969-08-31,United Kingdom
866,Gary Halvorson,Male,1970-09-20,United Kingdom
867,Fede Alvarez,Male,1940-02-29,United States
868,Sidney J. Furie,Male,1995-04-17,United States
869,Wayne Kramer,Male,2026-02-13,United Kingdom
870,Rowdy Herrington,Male,2025-04-29,United Kingdom
871,Jim Goddard,Male,1951-07-18,United States
872,Noel Marshall,Male,1946-07-17,United States
873,Andrea Di Stefano,Female,1953-08-31,United Kingdom
874,Guillaume Ivernel,Male,1988-03-31,United Kingdom
875,Jack Smight,Male,1943-05-04,United Kingdom
876,Howard Zieff,Male,1971-09-25,United Kingdom
877,Steven Shainberg,Male,1931-08-23,United Kingdom
878,Julian Jarrold,Male,1986-09-12,United Kingdom
879,Joe Nussbaum,Male,1984-05-11,United States
880,Michel Hazanavicius,Male,1952-08-08,United Kingdom
881,Cyrus Nowrasteh,Male,1976-04-18,United States
882,Perry Andelin Blake,Male,1967-01-27,United States
883,Christian E. Christiansen,Male,1933-09-16,United Kingdom
884,Sheldon Lettich,Male,1942-02-09,United Kingdom
885,Diane English,Female,1965-06-17,United Kingdom
886,Robert Iscove,Male,1937-07-02,United States
887,Peter Kosminsky,Male,1985-06-30,United Kingdom
888,Nick Gomez,Male,1955-06-11,United States
889,Allen Coulter,Male,1978-08-22,United Kingdom
890,Clare Kilner,Female,1939-08-15,United Kingdom
891,Josef Rusnak,Male,1966-12-14,United States
892,Lance Rivera,Male,1940-02-06,United States
893,Ronald Neame,Male,1940-11-28,United States
894,Bruce Paltrow,Male,1974-05-14,United Kingdom
895,Adam Rifkin,Male,1995-03-31,United States
896,Susanne Bier,Female,1942-03-10,United States
897,Kenneth Johnson,Male,1935-08-18,United States
898,James Ivory,Male,1982-08-12,United States
899,Dany Boon,Male,1968-11-03,United Kingdom
900,Gaspar Noé,Male,1936-10-14,United Kingdom
901,Jérôme Salle,Male,1950-09-03,United Kingdom
902,Tommy Lee Jones,Male,1991-04-27,United Kingdom
903,Wayne Beach,Male,1973-10-02,United Kingdom
904,Gérard Krawczyk,Male,1979-10-11,United Kingdom
905,Udayan Prasad,Male,1966-12-18,United States
906,Yoon Je-kyoon,Male,1951-10-25,United Kingdom
907,Morten Tyldum,Male,2020-09-13,United Kingdom
908,Andy Muschietti,Male,2020-06-14,United Kingdom
909,Gillian Armstrong,Female,1994-12-13,United Kingdom
910,Jim Fall,Male,1994-10-04,United States
911,Ric Roman Waugh,Male,1989-07-31,United Kingdom
912,Michael Dougherty,Male,1947-06-20,United States
913,Joel Gallen,Male,1974-11-29,United States
914,James Marsh,Male,1992-03-03,United States
915,Matt Williams,Male,1962-05-09,United Kingdom
916,Rob Zombie,Male,1940-12-31,United States
917,Dennis Iliadis,Male,1985-12-08,United Kingdom
918,Denzel Washington,Male,1949-02-09,United States
919,Nicolas Winding Refn,Male,1964-03-16,United Kingdom
920,Sara Sugarman,Female,1932-03-31,United States
921,Juan Carlos Fresnadillo,Male,2027-11-04,United Kingdom
922,Gina Prince-Bythewood,Female,1979-07-27,United States
923,Phil Traill,Male,1941-08-02,United Kingdom
924,Joe Berlinger,Male,2022-04-12,United States
925,Elizabeth Allen Rosenbaum,Female,1955-01-23,United Kingdom
926,Michael Mayer,Male,1948-06-26,United States
927,John Ottman,Male,1934-11-23,United States
928,John Bonito,Male,2028-03-29,United Kingdom
929,Peter Atencio,Male,2024-07-21,United Kingdom
930,Derek Cianfrance,Male,1943-01-10,United Kingdom
931,Stephan Elliott,Male,1994-09-13,United States
932,Mark L. Lester,Male,1936-12-09,United States
933,Tom Green,Male,1954-07-13,United States
934,Mike Nawrocki,Male,1937-10-02,United Kingdom
935,Douglas Aarniokoski,Male,1972-06-06,United Kingdom
936,Bryan Barber,Male,1963-06-16,United States
937,Lone Scherfig,Female,1952-07-01,United Kingdom
938,Drew Barrymore,Female,1936-01-22,United States
939,Brian Koppelman,Male,1946-08-27,United States
940,James Foley,Male,1987-04-27,United States
941,Albert Brooks,Male,1983-08-22,United States
942,Steve Gomer,Male,1988-07-20,United Kingdom
943,RZA,Male,1938-04-23,United Kingdom
944,Mark Piznarski,Male,1931-07-06,United Kingdom
945,Craig Brewer,Male,1985-02-28,United Kingdom
946,Mort Nathan,Male,1991-05-19,United Kingdom
947,Dan Curtis,Male,1940-05-21,United Kingdom
948,Wil Shriner,Male,1984-06-28,United Kingdom
949,Martin McDonagh,Male,1972-05-13,United Kingdom
950,Peter Cattaneo,Male,1964-11-01,United Kingdom
951,Mary Lambert,Female,1947-09-13,United Kingdom
952,Peter Kassovitz,Male,1940-12-07,United States
953,Rodman Flender,Male,2020-03-20,United States
954,Katja von Garnier,Female,1983-08-24,United Kingdom
955,Mark Romanek,Male,1956-10-09,United States
956,Brad Anderson,Male,1973-07-14,United Kingdom
957,Michael Chapman,Male,1969-02-01,United States
958,Antonio Banderas,Male,1935-12-24,United Kingdom
959,Fritz Lang,Male,1966-06-11,United States
960,Hou Hsiao-hsien,Male,1961-06-28,United Kingdom
961,Tony Jaa,Male,1945-12-25,United Kingdom
962,Ryûhei Kitamura,Male,1946-08-20,United Kingdom
963,Dito Montiel,Male,1948-07-05,United States
964,Stefan Ruzowitzky,Male,1993-12-01,United Kingdom
965,Jake Paltrow,Male,1986-11-06,United States
966,Gerry Lively,Male,1961-05-13,United Kingdom
967,Julien Temple,Male,2028-12-08,United States
968,Gregory Jacobs,Male,2022-12-24,United States
969,Gilles Paquet-Brenner,Male,1961-01-21,United Kingdom
970,Peter Cousens,Male,1960-10-25,United Kingdom
971,Lars von Trier,Male,2027-12-22,United States
972,John Cornell,Male,1967-02-16,United States
973,Vidhu Vinod Chopra,Male,2022-04-15,United States
974,Jamie Blanks,Male,1991-04-14,United Kingdom
975,Randal Kleiser,Male,2029-04-23,United Kingdom
976,Phil Vischer,Male,1952-11-02,United Kingdom
977,Alan Cohn,Male,1944-07-30,United States
978,Franco Zeffirelli,Male,1931-10-01,United Kingdom
979,Tom Holland,Male,1967-08-14,United States
980,James Isaac,Male,2023-06-01,United States
981,Emilio Estevez,Male,1990-01-13,United States
982,Josh Schwartz,Male,1931-09-03,United States
983,Julian Schnabel,Male,1955-04-03,United Kingdom
984,Todd Field,Male,1969-04-01,United Kingdom
985,Davis Guggenheim,Male,1993-07-16,United Kingdom
986,Stephen Carpenter,Male,1959-06-12,United States
987,James Fargo,Male,1964-12-23,United Kingdom
988,Alain Resnais,Male,1988-07-31,United States
989,Kenneth Lonergan,Male,1987-05-18,United States
990,Bo Zenga,Male,1975-03-03,United Kingdom
991,Danny Leiner,Male,1939-08-03,United Kingdom
992,Christopher Cain,Male,1991-06-11,United States
993,Ed Decter,Male,1992-03-05,United Kingdom
994,Gene Quintano,Male,1986-03-15,United States
995,Eric Bress,Male,1958-02-28,United Kingdom
996,Preston A. Whitmore II,Male,1966-09-09,United States
997,Kirk Wong,Male,1960-12-25,United States
998,Bronwen Hughes,Female,1979-07-31,United Kingdom
999,John Lafia,Male,1961-01-03,United Kingdom
1000,Sam Miller,Male,1982-01-04,United States
1001,Alex Garland,Male,1979-02-26,United Kingdom
1002,Mark Brown,Male,1935-07-23,United Kingdom
1003,Michael Polish,Male,1987-09-17,United States
1004,Daisy von Scherler Mayer,Female,1945-06-18,United Kingdom
1005,Lenny Abrahamson,Male,1988-03-23,United States
1006,Bob Saget,Male,2020-06-08,United Kingdom
1007,John Waters,Male,1971-01-07,United States
1008,Craig Bolotin,Male,1974-12-01,United Kingdom
1009,Mark Christopher,Male,1973-09-05,United States
1010,Jez Butterworth,Male,1940-12-29,United States
1011,Isabel Coixet,Female,1984-02-03,United States
1012,Patrice Leconte,Male,1951-11-04,United Kingdom
1013,Paul Mazursky,Male,1944-11-27,United States
1014,Stephen Chbosky,Male,1941-11-16,United Kingdom
1015,Mark Neveldine,Male,1990-11-07,United States
1016,Joe Cornish,Male,1973-03-13,United Kingdom
1017,John H. Lee,Male,1957-11-13,United Kingdom
1018,John Stainton,Male,1951-10-24,United Kingdom
1019,Benedek Fliegauf,Male,1975-03-10,United States
1020,Stewart Hendler,Male,1964-08-17,United States
1021,John Cromwell,Male,1958-10-23,United Kingdom
1022,Abel Ferrara,Male,1941-05-04,United States
1023,George Hickenlooper,Male,1990-06-16,United Kingdom
1024,Don Bluth,Male,1977-03-25,United States
1025,William Dear,Male,2024-10-30,United Kingdom
1026,John Badham,Male,1947-02-12,United Kingdom
1027,Mike McCoy,Male,1963-01-02,United States
1028,Mike Judge,Male,1957-12-25,United Kingdom
1029,Tamra Davis,Female,1945-01-07,United States
1030,Franklin J. Schaffner,Male,1984-02-17,United Kingdom
1031,David Moreau,Male,1992-06-24,United Kingdom
1032,Christopher Erskin,Male,1978-07-05,United States
1033,Brian Henson,Male,2029-09-11,United States
1034,Dan Cutforth,Male,1956-06-24,United Kingdom
1035,Ernest R. Dickerson,Male,1939-04-08,United States
1036,Wallace Wolodarsky,Male,1981-08-23,United States
1037,Nicholas Jarecki,Male,1932-12-05,United Kingdom
1038,Darnell Martin,Female,1955-08-16,United Kingdom
1039,Scott Alexander,Male,1995-09-08,United States
1040,Stuart Gordon,Male,1944-05-10,United States
1041,Christopher Guest,Male,1959-12-20,United Kingdom
1042,Jane Campion,Female,1956-11-27,United States
1043,Fred Schepisi,Male,1950-04-22,United Kingdom
1044,Antonia Bird,Female,1990-04-03,United Kingdom
1045,Jon Poll,Male,1980-09-21,United Kingdom
1046,Paolo Sorrentino,Male,1935-10-16,United States
1047,Peter Care,Male,1986-07-07,United Kingdom
1048,Park Chan-wook,Male,1979-12-21,United Kingdom
1049,Ira Sachs,Male,1963-08-07,United Kingdom
1050,Carroll Ballard,Male,1946-02-19,United Kingdom
1051,Takeshi Kitano,Male,1959-08-25,United Kingdom
1052,Marco Kreuzpaintner,Male,1957-07-10,United States
1053,Lajos Koltai,Male,1943-10-03,United States
1054,Alan Rudolph,Male,1958-07-22,United Kingdom
1055,Lu Chuan,Male,1930-06-04,United States
1056,Christopher Smith,Male,1935-04-14,United Kingdom
1057,Timothy Hines,Male,1941-10-30,United Kingdom
1058,David Winters,Male,1954-05-18,United Kingdom
1059,Akira Kurosawa,Male,1966-04-27,United States
1060,Dan Mazer,Male,1959-05-30,United Kingdom
1061,David S. Ward,Male,1964-01-11,United States
1062,Barnaby Thompson,Male,1930-06-12,United Kingdom
1063,John Crowley,Male,1963-07-12,United States
1064,Brendan Malloy,Male,1933-09-25,United Kingdom
1065,Dustin Hoffman,Male,1981-02-01,United Kingdom
1066,Gregory Poirier,Male,1984-03-14,United States
1067,Simon Curtis,Male,1993-10-05,United Kingdom
1068,Philip Saville,Male,2021-06-15,United Kingdom
1069,Tim Blake Nelson,Male,1991-06-11,United States
1070,William A. Graham,Male,1981-11-27,United States
1071,Martin Ritt,Male,1991-12-02,United Kingdom
1072,John Turturro,Male,1986-11-19,United Kingdom
1073,Agnieszka Holland,Female,1966-09-10,United Kingdom
1074,David Hackl,Male,1993-12-27,United States
1075,Giuliano Montaldo,Male,1933-08-13,United States
1076,Lisa Azuelos,Female,1930-06-28,United Kingdom
1077,Ray Lawrence,Male,2028-12-15,United Kingdom
1078,Karan Johar,Male,1934-01-23,United States
1079,Jaume Balagueró,Male,1987-01-22,United Kingdom
1080,Jon Kasdan,Male,1951-03-12,United Kingdom
1081,Léa Pool,Female,1983-08-21,United States
1082,Floyd Mutrux,Male,1946-10-15,United States
1083,Sajid Khan,Male,1949-12-26,United States
1084,Dean Wright,Male,1939-07-04,United Kingdom
1085,Shintaro Shimosawa,Male,1938-04-20,United Kingdom
1086,Darren Lynn Bousman,Male,1963-05-15,United Kingdom
1087,James DeMonaco,Male,2022-10-14,United States
1088,Carol Reed,Male,1952-07-07,United States
1089,Chuck Sheetz,Male,1972-01-19,United Kingdom
1090,Leigh Whannell,Male,1954-10-31,United States
1091,Michael Schultz,Male,2029-08-19,United Kingdom
1092,Peter Sollett,Male,1991-06-06,United States
1093,Bob Dolman,Male,1980-04-20,United Kingdom
1094,Greg Coolidge,Male,1959-11-30,United States
1095,David Lowery,Male,1979-02-01,United States
1096,Salim Akil,Male,1956-06-24,United Kingdom
1097,Leon Ichaso,Male,1984-08-23,United Kingdom
1098,Patricia Rozema,Female,1977-08-09,United States
1099,Ben Garant,Male,1993-01-10,United Kingdom
1100,Morgan Spurlock,Male,1992-05-14,United States
1101,Neal Brennan,Male,1992-02-02,United States
1102,Theodore Witcher,Male,2026-04-19,United States
1103,Joel Edgerton,Male,1969-11-25,United Kingdom
1104,Michael Patrick Jann,Male,1972-07-12,United Kingdom
1105,Jorma Taccone,Male,1947-04-01,United States
1106,Jeff Lowell,Male,1980-04-03,United Kingdom
1107,Lorene Scafaria,Female,1981-08-14,United Kingdom
1108,Marcus Dunstan,Male,1977-03-24,United States
1109,François Girard,Male,1984-09-15,United Kingdom
1110,Scott Kalvert,Male,1930-07-30,United States
1111,Jason Bateman,Male,1930-10-14,United States
1112,David Schwimmer,Male,1974-12-10,United States
1113,Allan Arkush,Male,1955-02-19,United Kingdom
1114,Eric Bross,Male,2026-09-02,United States
1115,Dan Fogelman,Male,1982-08-27,United States
1116,Luca Guadagnino,Male,1945-12-18,United Kingdom
1117,John Putch,Male,1942-01-16,United Kingdom
1118,Peter Medak,Male,1958-01-05,United Kingdom
1119,Terence Davies,Male,1982-10-21,United States
1120,Harley Cokeliss,Male,1973-05-26,United Kingdom
1121,Tom Brady,Male,1982-01-29,United States
1122,Noah Baumbach,Male,1945-11-18,United States
1123,Eric Blakeney,Male,2022-01-22,United States
1124,Rakesh Roshan,Male,1971-05-03,United States
1125,Derrick Borte,Male,1974-04-08,United Kingdom
1126,Richard Kwietniowski,Male,1954-09-04,United Kingdom
1127,Bob Odenkirk,Male,1991-12-08,United Kingdom
1128,Joshua Seftel,Male,1994-11-06,United Kingdom
1129,Vincent Gallo,Male,1974-08-29,United Kingdom
1130,Jon Stewart,Male,1992-08-29,United States
1131,Bigas Luna,Male,1963-10-25,United Kingdom
1132,Ralph Fiennes,Male,1934-09-27,United Kingdom
1133,Dan Harris,Male,1976-12-18,United Kingdom
1134,Mel Smith,Male,1947-02-19,United States
1135,Bobcat Goldthwait,Male,1939-01-26,United States
1136,Jake Scott,Male,1963-11-28,United States
1137,Alan Metter,Male,1950-11-13,United States
1138,Michael Meredith,Male,1947-09-21,United Kingdom
1139,Julio DePietro,Male,1955-04-28,United States
1140,Katherine Dieckmann,Female,1933-04-30,United Kingdom
1141,Scott Marshall Smith,Male,1965-02-24,United States
1142,Andrew Traucki,Male,1935-06-26,United Kingdom
1143,Michael Clancy,Male,2020-11-19,United Kingdom
1144,Robert Adetuyi,Male,1984-05-02,United States
1145,Kari Skogland,Female,1966-04-21,United States
1146,Benedikt Erlingsson,Male,1934-02-01,United Kingdom
1147,Gurinder Chadha,Female,1991-01-15,United States
1148,Jason Connery,Male,1935-01-30,United Kingdom
1149,Vic Sarin,Male,1973-12-11,United Kingdom
1150,William Phillips,Male,2024-01-25,United Kingdom
1151,Andy García,Male,1940-01-29,United States
1152,Julian Gilbey,Male,1939-01-03,United States
1153,Stanley Kramer,Male,2022-01-13,United Kingdom
1154,Pedro Almodóvar,Male,1937-08-01,United States
1155,Gerald Potterton,Male,1974-06-16,United States
1156,Anurag Basu,Male,1954-06-13,United States
1157,Yash Chopra,Male,1965-11-08,United Kingdom
1158,Ferzan Ozpetek,Male,1960-04-05,United Kingdom
1159,Kris Isacsson,Male,1939-07-21,United States
1160,Ben Younger,Male,1953-08-03,United Kingdom
1161,Daniel Taplitz,Male,1935-08-31,United Kingdom
1162,Hart Bochner,Male,1993-06-09,United States
1163,Stewart Raffill,Male,1944-04-28,United Kingdom
1164,Na Hong-jin,Male,1933-04-06,United Kingdom
1165,Chatrichalerm Yukol,Male,1959-10-17,United Kingdom
1166,Marc Forby,Male,2024-08-04,United States
1167,Ole Christian Madsen,Male,1948-07-15,United Kingdom
1168,André Téchiné,Male,1942-11-27,United States
1169,Emily Young,Female,1936-06-07,United Kingdom
1170,Peter Faiman,Male,1958-05-22,United Kingdom
1171,Roland Suso Richter,Male,1993-06-02,United Kingdom
1172,Maïwenn,Female,1973-11-17,United Kingdom
1173,Mark Rydell,Male,1990-02-12,United States
1174,David E. Talbert,Male,1958-05-27,United States
1175,Roger Vadim,Male,1993-08-23,United States
1176,Nils Gaup,Male,1948-09-15,United Kingdom
1177,Vondie Curtis-Hall,Male,1959-11-05,United Kingdom
1178,Tom Elkins,Male,1961-07-25,United Kingdom
1179,John Sayles,Male,1942-02-03,United Kingdom
1180,Vipul Amrutlal Shah,Male,1951-08-05,United States
1181,Ken Loach,Male,1958-04-18,United States
1182,Mervyn LeRoy,Male,1951-06-27,United States
1183,James Frawley,Male,1941-07-16,United States
1184,Dan Gilroy,Male,1975-03-31,United Kingdom
1185,Jonathan Dayton,Male,1975-01-24,United Kingdom
1186,Don Siegel,Male,1936-11-29,United Kingdom
1187,Martin Lawrence,Male,1942-10-01,United Kingdom
1188,Ken Shapiro,Male,2025-09-29,United Kingdom
1189,Doug Atchison,Male,2024-08-09,United Kingdom
1190,Mary Harron,Female,2022-03-10,United States
1191,Troy Duffy,Male,1980-09-22,United States
1192,Nicole Holofcener,Female,1957-01-05,United Kingdom
1193,Matty Rich,Male,1987-11-10,United Kingdom
1194,Fina Torres,Female,1959-01-09,United Kingdom
1195,François Ozon,Male,1957-11-25,United Kingdom
1196,Ryan Fleck,Male,1977-03-25,United States
1197,Steve James,Male,1963-10-21,United States
1198,Michael Winner,Male,1943-01-11,United States
1199,Tomm Moore,Male,1937-11-03,United Kingdom
1200,John Carney,Male,1991-12-27,United Kingdom
1201,David Jacobson,Male,2026-11-26,United States
1202,Michael Corrente,Male,2022-10-14,United Kingdom
1203,Andrew Currie,Male,1948-02-03,United States
1204,Luke Wilson,Male,1946-08-08,United States
1205,Coky Giedroyc,Female,1989-07-13,United Kingdom
1206,Thomas Vinterberg,Male,1981-07-10,United States
1207,Claudia Llosa,Female,1980-12-13,United States
1208,Charles Binamé,Male,1957-07-14,United Kingdom
1209,David Webb Peoples,Male,1962-01-08,United States
1210,Stanley Tong,Male,1967-06-30,United States
1211,Eli Roth,Male,1960-06-15,United States
1212,Tony Richardson,Male,1969-03-11,United States
1213,Charles Robert Carner,Male,1949-05-03,United Kingdom
1214,Claude Miller,Male,1961-02-27,United States
1215,Rodrigo García,Male,1931-07-09,United Kingdom
1216,Siddharth Anand,Male,1968-04-11,United Kingdom
1217,Vincent Paronnaud,Male,1939-07-03,United States
1218,Dennis Gansel,Male,1948-01-31,United Kingdom
1219,Daniel Barber,Male,1957-12-13,United States
1220,Robert Marcarelli,Male,2023-04-29,United Kingdom
1221,Guy Hamilton,Male,1982-03-13,United Kingdom
1222,Adam Brooks,Male,2023-07-08,United Kingdom
1223,Michael Anderson,Male,1975-12-02,United States
1224,James D. Stern,Male,1936-06-25,United Kingdom
1225,Matt Bettinelli-Olpin,Male,1981-12-06,United Kingdom
1226,Sharron Miller,Female,1932-04-27,United Kingdom
1227,Aaron Schneider,Male,1968-02-25,United Kingdom
1228,Tom Ford,Male,1955-01-28,United States
1229,Mitch Davis,Male,1935-12-22,United States
1230,Kevin Brodie,Male,1960-07-19,United Kingdom
1231,Lynne Ramsay,Female,1937-05-07,United States
1232,Tim Chambers,Male,1961-05-12,United Kingdom
1233,Bob Gosse,Male,2025-09-17,United States
1234,Alex Zamm,Male,1973-02-13,United Kingdom
1235,Spencer Susser,Male,1934-03-19,United States
1236,Shari Springer Berman,Female,1955-06-05,United States
1237,Richard E. Grant,Male,1938-05-09,United States
1238,Richard Rich,Male,1933-10-29,United States
1239,Robert C. Cooper,Male,1939-10-17,United Kingdom
1240,Kim Nguyen,Male,1931-12-17,United Kingdom
1241,Jackie Earle Haley,Male,1992-07-10,United Kingdom
1242,Max Färberböck,Male,1942-08-15,United States
1243,Mark Tonderai,Male,1960-04-05,United Kingdom
1244,Ian Fitzgibbon,Male,1985-06-02,United Kingdom
1245,Rachel Perkins,Female,2028-08-10,United Kingdom
1246,Luis Valdez,Male,1936-04-02,United States
1247,Alan Alda,Male,1964-05-22,United Kingdom
1248,Louis Morneau,Male,1951-03-26,United Kingdom
1249,Caroline Link,Female,2025-06-03,United States
1250,Zal Batmanglij,Male,1969-08-09,United States
1251,Oren Moverman,Male,1952-01-10,United States
1252,Ian Sharp,Male,1955-10-13,United Kingdom
1253,Wolfgang Becker,Male,1955-03-30,United Kingdom
1254,Dan O'Bannon,Male,1984-02-13,United Kingdom
1255,George Roy Hill,Male,2021-08-03,United States
1256,Robert Stevenson,Male,1969-07-11,United Kingdom
1257,Gary Hardwick,Male,1931-11-12,United Kingdom
1258,King Vidor,Male,1943-01-20,United States
1259,Fred Savage,Male,1972-09-20,United States
1260,Sammo Hung,Male,1934-10-23,United Kingdom
1261,Rusty Cundieff,Male,1934-10-26,United Kingdom
1262,Dominique Othenin-Girard,Male,1968-03-10,United Kingdom
1263,Risa Bramon Garcia,Female,1965-09-17,United States
1264,Brian Klugman,Male,1989-06-25,United States
1265,Raymond De Felitta,Male,1984-07-26,United States
1266,John Michael McDonagh,Male,1938-05-08,United States
1267,Deb Hagan,Female,1953-08-09,United States
1268,Zach Cregger,Male,1976-02-08,United Kingdom
1269,Zach Braff,Male,1981-12-29,United States
1270,Mark Tarlov,Male,1980-06-14,United Kingdom
1271,John Cameron Mitchell,Male,1976-08-30,United Kingdom
1272,David Atkins,Male,1943-02-09,United States
1273,Patrick Stettner,Male,1964-10-19,United States
1274,Michael Crichton,Male,1949-05-25,United States
1275,Rick Bieber,Male,1948-04-13,United Kingdom
1276,Joey Lauren Adams,Female,1993-09-20,United States
1277,Greg Marcks,Male,1969-02-03,United Kingdom
1278,Perry Lang,Male,1989-08-06,United Kingdom
1279,Jake Goldberger,Male,1951-12-31,United Kingdom
1280,William Kaufman,Male,1946-06-27,United Kingdom
1281,Cédric Klapisch,Male,1966-01-27,United Kingdom
1282,Prachya Pinkaew,Male,1950-07-28,United States
1283,Gary Sinyor,Male,1956-02-22,United States
1284,Joseph Gordon-Levitt,Male,1995-06-10,United States
1285,William Sachs,Male,1977-07-24,United States
1286,Christophe Barratier,Male,1986-05-21,United States
1287,Émile Gaudreault,Male,1990-05-07,United Kingdom
1288,James Cox,Male,1963-07-27,United Kingdom
1289,James Toback,Male,2027-02-03,United States
1290,George Ratliff,Male,1994-01-25,United Kingdom
1291,Shane Meadows,Male,1955-05-10,United States
1292,Jon Wright,Male,1987-07-30,United Kingdom
1293,Michael McGowan,Male,1932-11-28,United Kingdom
1294,Liv Ullmann,Female,1943-11-05,United Kingdom
1295,Dan Trachtenberg,Male,1932-09-14,United Kingdom
1296,David F. Sandberg,Male,1963-03-08,United States
1297,Henry Koster,Male,1979-10-25,United States
1298,Patty Jenkins,Female,1936-12-14,United Kingdom
1299,Christopher B. Landon,Male,1967-09-02,United Kingdom
1300,David Gelb,Male,1944-12-09,United States
1301,Mike Flanagan,Male,1941-06-08,United States
1302,Nat Faxon,Male,1958-05-20,United Kingdom
1303,Doug McHenry,Male,1982-12-17,United Kingdom
1304,Maurice Joyce,Male,1967-12-06,United Kingdom
1305,Robert Duvall,Male,1936-10-10,United States
1306,Frank Perry,Male,2025-08-07,United States
1307,Ice Cube,Male,1980-02-28,United States
1308,Bruce Malmuth,Male,1958-06-05,United Kingdom
1309,Rob Hedden,Male,2023-07-30,United Kingdom
1310,Joe Chappelle,Male,1946-06-06,United States
1311,Mickey Liddell,Male,1989-07-18,United States
1312,Fred Walton,Male,1971-01-02,United States
1313,Steve Carver,Male,1937-06-19,United Kingdom
1314,Gonzalo López-Gallego,Male,1962-11-16,United States
1315,Christine Jeffs,Female,1973-11-12,United States
1316,Don Coscarelli,Male,1991-07-14,United States
1317,Bill Duke,Male,1952-05-12,United Kingdom
1318,Frank Borzage,Male,1971-12-10,United States
1319,Mamoru Hosoda,Male,1951-10-30,United States
1320,Brian Dannelly,Male,2027-01-15,United Kingdom
1321,Denys Arcand,Male,2024-10-25,United Kingdom
1322,J.S. Cardone,Male,1953-11-05,United States
1323,Jay Levey,Male,1961-11-14,United States
1324,Nicholaus Goossen,Male,1969-01-28,United Kingdom
1325,Xavier Beauvois,Male,1990-08-15,United States
1326,Randall Miller,Male,1989-07-23,United Kingdom
1327,Jerry Belson,Male,1987-05-21,United States
1328,Dan Rush,Male,1956-12-02,United Kingdom
1329,Michael Cuesta,Male,1984-11-27,United Kingdom
1330,Fenton Bailey,Male,1967-06-15,United States
1331,Errol Morris,Male,1991-09-14,United Kingdom
1332,Dennis Hopper,Male,1969-02-03,United States
1333,Eli Craig,Male,1958-07-02,United States
1334,Nicholas Fackler,Male,1962-03-22,United Kingdom
1335,Richard Wallace,Male,1941-11-28,United States
1336,Morgan J. Freeman,Male,1961-06-04,United States
1337,Matthew Hastings,Male,1949-05-04,United States
1338,Oren Peli,Male,2020-10-26,United States
1339,Paul Andrew Williams,Male,1942-09-13,United States
1340,William H. Macy,Male,1973-10-30,United Kingdom
1341,Marcia Bennett,Female,1984-08-29,United Kingdom
1342,Stanton Barrett,Male,1930-05-24,United States
1343,Jiří Menzel,Male,2020-11-12,United States
1344,Fatih Akin,Male,1959-04-07,United Kingdom
1345,Nick Murphy ,Male,1942-04-04,United Kingdom
1346,Frank LaLoggia,Male,1948-06-04,United States
1347,Jeremy Brock,Male,1984-02-24,United Kingdom
1348,Scott Foley,Male,1953-06-27,United Kingdom
1349,Gabriela Tagliavini,Female,1991-07-19,United States
1350,Leonard Farlinger,Male,1937-05-25,United Kingdom
1351,Tom Kalin,Male,1961-05-09,United States
1352,Robert Sarkies,Male,1991-03-23,United States
1353,John Huston,Male,1953-06-23,United States
1354,Walter Lang,Male,1939-10-06,United Kingdom
1355,Carlos Saura,Male,1959-03-04,United States
1356,Todd Solondz,Male,1967-09-20,United States
1357,Mateo Gil,Male,1976-05-20,United States
1358,Lukas Moodysson,Male,1982-06-13,United States
1359,Agnieszka Wojtowicz-Vosloo,Female,1965-05-09,United Kingdom
1360,Peter DeLuise,Male,1939-07-29,United States
1361,Kevin Sullivan,Male,1957-07-20,United States
1362,Nick Love,Male,1934-08-14,United Kingdom
1363,Cecil B. DeMille,Male,1983-11-18,United States
1364,Mike Figgis,Male,1941-04-07,United States
1365,Lisa Cholodenko,Female,1980-02-11,United Kingdom
1366,John Sturges,Male,1964-12-31,United States
1367,William Arntz,Male,1940-02-14,United States
1368,Ed Gass-Donnelly,Male,1966-11-25,United States
1369,DJ Pooh,Male,1937-05-20,United Kingdom
1370,Roger Avary,Male,1959-07-30,United Kingdom
1371,Allison Anders,Female,1930-08-14,United States
1372,Jeff Franklin,Male,1975-05-25,United States
1373,Mike Mills,Male,1974-03-05,United Kingdom
1374,Dave McKean,Male,1963-04-18,United Kingdom
1375,Ron Fricke,Male,1982-06-07,United States
1376,Ruggero Deodato,Male,1934-11-18,United States
1377,Gavin Wiesen,Male,1955-09-01,United Kingdom
1378,Stefan Schwartz,Male,1940-07-31,United Kingdom
1379,Robert Lee King,Male,1990-07-23,United Kingdom
1380,Jorge Ramírez Suárez,Male,1953-06-27,United States
1381,Dan Ireland,Male,1974-11-11,United Kingdom
1382,Fernando León de Aranoa,Male,1953-06-23,United States
1383,Jim Mickle,Male,1993-11-01,United Kingdom
1384,Karim Aïnouz,Male,1951-10-18,United Kingdom
1385,Peter H. Hunt,Male,1956-05-14,United Kingdom
1386,Ruba Nadda,Female,2021-05-31,United States
1387,James Whale,Male,1976-07-30,United States
1388,Edward Burns,Male,1995-09-13,United States
1389,Sean Byrne,Male,1993-01-07,United Kingdom
1390,Mark Griffiths,Male,1942-09-04,United States
1391,George Sidney,Male,1944-04-22,United States
1392,Chris Morris,Male,1984-05-10,United States
1393,Peter Stebbings,Male,1934-11-16,United Kingdom
1394,Vincente Minnelli,Male,1993-02-26,United Kingdom
1395,Dagur Kári,Male,1933-07-17,United States
1396,Michael Gornick,Male,2022-07-31,United States
1397,Richard Brooks,Male,2029-03-30,United States
1398,Robert Eggers,Male,1973-05-29,United States
1399,Michael Martin,Male,1934-12-09,United Kingdom
1400,Louis C.K.,Male,1938-04-15,United Kingdom
1401,Anthony C. Ferrante,Male,1932-10-15,United Kingdom
1402,Salvador Carrasco,Male,1935-04-16,United States
1403,Robert Cary,Male,2028-07-07,United States
1404,Warren P. Sonoda,Male,1968-02-09,United States
1405,Amanda Gusack,Female,1960-08-26,United Kingdom
1406,Avi Nesher,Male,1984-03-22,United Kingdom
1407,Jay Oliva,Male,2023-08-31,United States
1408,Charles Ferguson,Male,1984-10-03,United Kingdom
1409,Mark Young,Male,1994-09-02,United States
1410,"Daniel Petrie, Jr.",Male,1955-06-13,United States
1411,Clark Gregg,Male,1954-11-22,United Kingdom
1412,Damien Chazelle,Male,1943-02-08,United Kingdom
1413,Karen Moncrieff,Female,1943-11-08,United Kingdom
1414,Jonathan Silverman,Male,1982-10-11,United States
1415,Eric Styles,Male,1971-02-15,United Kingdom
1416,Laurent Cantet,Male,1969-08-07,United States
1417,Max Mayer,Male,1940-12-17,United States
1418,John Gulager,Male,1978-11-04,United States
1419,Brandon Cronenberg,Male,2026-03-12,United States
1420,Tod Williams,Male,1965-12-21,United Kingdom
1421,Jack Sholder,Male,2021-04-03,United Kingdom
1422,Ted Post,Male,1967-05-17,United Kingdom
1423,Michael Haigney,Male,1946-04-30,United Kingdom
1424,Tom McLoughlin,Male,1959-02-21,United Kingdom
1425,Adam Marcus,Male,1938-12-31,United States
1426,John Maclean,Male,1971-12-16,United States
1427,Benny Boom,Male,1991-07-24,United States
1428,Nnegest Likké,Female,2020-12-11,United States
1429,Christopher Leitch,Male,1974-04-15,United Kingdom
1430,Peter M. Cohen,Male,2022-02-11,United States
1431,Mel Stuart,Male,1957-09-15,United Kingdom
1432,Anthony Hickox,Male,1955-03-10,United Kingdom
1433,Tom Schulman,Male,1981-03-12,United Kingdom
1434,Jill Sprecher,Female,1986-12-05,United States
1435,Darren Stein,Male,1970-05-14,United Kingdom
1436,David Nixon,Male,1987-07-14,United Kingdom
1437,Matthew Bright,Male,1939-08-25,United Kingdom
1438,Michael Landon Jr.,Male,1974-05-04,United Kingdom
1439,Andrea Arnold,Female,1942-04-29,United Kingdom
1440,Whit Stillman,Male,2024-01-26,United Kingdom
1441,Bobby Roth,Male,1983-03-10,United Kingdom
1442,Tim Heidecker,Male,1975-12-18,United Kingdom
1443,Michael Worth,Male,1959-02-04,United States
1444,Deon Taylor,Male,1982-02-03,United States
1445,Jason Alexander,Male,1959-09-05,United Kingdom
1446,Will Canon,Male,1965-03-16,United States
1447,Lance Kawas,Male,1945-08-27,United Kingdom
1448,Francesca Gregorini,Female,1976-09-01,United Kingdom
1449,Márcio Garcia,Male,1974-03-05,United States
1450,Michael Jai White,Male,2021-02-27,United Kingdom
1451,Paolo Monico,Male,1962-05-01,United Kingdom
1452,Darin Scott,Male,1959-07-20,United Kingdom
1453,Christian Sesma,Male,1978-12-25,United States
1454,Monte Hellman,Male,1974-03-01,United Kingdom
1455,Brian Caunter,Male,1938-09-22,United States
1456,Chris D'Arienzo,Male,1993-11-27,United Kingdom
1457,Leon Ford,Male,1995-05-19,United States
1458,John Carl Buechler,Male,1952-07-07,United Kingdom
1459,Victor Nunez,Male,1955-01-09,United States
1460,Alex van Warmerdam,Male,1975-10-02,United Kingdom
1461,Frank Sebastiano,Male,1978-03-27,United Kingdom
1462,Stacy Peralta,Male,1937-04-02,United Kingdom
1463,Nacho Vigalondo,Male,1995-05-17,United States
1464,Tony Giglio,Male,1952-10-13,United States
1465,Stanley Donen,Male,2026-12-13,United States
1466,John Sullivan,Male,1932-10-28,United Kingdom
1467,Tommy Lee Wallace,Male,1991-08-24,United Kingdom
1468,Don Taylor,Male,1930-06-01,United States
1469,Leslie Small,Male,1968-12-04,United Kingdom
1470,Éric Tessier,Male,2028-06-04,United Kingdom
1471,Alison Maclean,Female,2021-03-04,United States
1472,Alice Wu,Female,1931-12-28,United Kingdom
1473,Joshua Tickell,Male,1958-01-04,United States
1474,Tim Boxell,Male,1982-03-29,United Kingdom
1475,Michael D. Sellers,Male,1945-04-12,United States
1476,Reed Cowan,Male,1977-04-12,United States
1477,James Dodson,Male,1950-06-04,United States
1478,Alex Rivera,Male,1970-12-27,United Kingdom
1479,John Murlowski,Male,1984-08-17,United Kingdom
1480,Robby Henson,Male,1930-03-14,United States
1481,David Hand,Male,2027-03-26,United Kingdom
1482,Danny Steinmann,Male,1940-11-12,United Kingdom
1483,Jon Gunn,Male,1984-07-16,United States
1484,Hayley Cloake,Female,1976-05-16,United States
1485,Tay Garnett,Male,1944-01-15,United Kingdom
1486,William Wyler,Male,1935-03-19,United States
1487,Larry Clark,Male,1931-04-08,United States
1488,Lloyd Kaufman,Male,1940-11-21,United Kingdom
1489,David Robert Mitchell,Male,1932-12-26,United Kingdom
1490,Robert Mulligan,Male,1963-01-21,United Kingdom
1491,Liu Chia-Liang,Male,2020-06-07,United States
1492,Chris Kentis,Male,1947-03-07,United Kingdom
1493,Alex Kendrick,Male,2026-04-19,United Kingdom
1494,Robert Rossen,Male,1963-08-29,United States
1495,Jack Conway,Male,1950-04-01,United States
1496,Elia Kazan,Male,1941-05-09,United States
1497,Debra Granik,Female,1958-07-16,United Kingdom
1498,Henry King,Male,1954-11-02,United States
1499,Miranda July,Female,1981-11-01,United Kingdom
1500,Max Joseph,Male,1936-06-14,United States
1501,Ari Folman,Male,2022-04-11,United States
1502,Marielle Heller,Female,1957-12-26,United Kingdom
1503,David Sington,Male,1983-12-29,United Kingdom
1504,Kelly Reichardt,Female,1985-02-15,United Kingdom
1505,Bob Giraldi,Male,1966-10-17,United Kingdom
1506,Huck Botko,Male,2028-01-28,United Kingdom
1507,David Duchovny,Male,1933-12-22,United States
1508,Mitchell Lichtenstein,Male,1981-11-16,United States
1509,Hue Rhodes,Male,1955-12-03,United States
1510,Brian Yuzna,Male,1936-01-26,United Kingdom
1511,Hunter Richards,Male,1932-02-06,United Kingdom
1512,Phil Claydon,Male,1955-11-25,United Kingdom
1513,John Simpson,Male,1943-04-02,United States
1514,Jeff Crook,Male,1979-07-03,United States
1515,Orson Welles,Male,1947-04-08,United States
1516,Dave Payne,Male,1941-11-24,United States
1517,Brad Copeland,Male,2027-07-25,United Kingdom
1518,Phil Morrison,Male,1979-12-13,United Kingdom
1519,Harald Reinl,Male,1964-02-13,United Kingdom
1520,Tanner Beard,Male,1940-07-16,United States
1521,Derick Martini,Male,1978-10-05,United Kingdom
1522,Tim Hunter,Male,1970-08-26,United States
1523,Richard Ayoade,Male,1940-06-07,United Kingdom
1524,Jehane Noujaim,Female,1974-07-26,United Kingdom
1525,Jean-Marc Barr,Male,1949-06-13,United States
1526,John Laing,Male,1968-12-08,United States
1527,Vera Farmiga,Female,1964-05-07,United States
1528,Jonathan Wacks,Male,1939-06-09,United States
1529,Tony Krantz,Male,1968-05-05,United States
1530,Mitchell Altieri,Male,1968-10-12,United States
1531,Corey Grant,Male,1972-04-03,United States
1532,Lucky McKee,Male,2027-04-15,United Kingdom
1533,Steven R. Monroe,Male,1939-04-07,United Kingdom
1534,Mark Illsley,Male,1964-10-16,United Kingdom
1535,Sally Potter,Female,1958-11-19,United Kingdom
1536,David M. Matthews,Male,1963-10-27,United Kingdom
1537,Nadine Labaki,Female,1942-12-08,United Kingdom
1538,Eytan Fox,Male,1944-01-04,United Kingdom
1539,Adam Goldberg,Male,1944-01-05,United Kingdom
1540,Adrienne Shelly,Female,1969-05-06,United States
1541,Newt Arnold,Male,1986-10-23,United States
1542,Fabián Bielinsky,Male,1933-06-11,United Kingdom
1543,Rebecca Miller,Female,2025-10-01,United States
1544,Henry Bean,Male,1970-04-15,United Kingdom
1545,Jeff Garlin,Male,1989-02-10,United States
1546,Adam Green,Male,1944-02-13,United Kingdom
1547,Charlie Chaplin,Male,1989-01-29,United Kingdom
1548,Bruce Campbell,Male,1984-12-15,United States
1549,Bruce McDonald,Male,1954-07-12,United States
1550,Robert Greenwald,Male,1990-08-13,United Kingdom
1551,David Rodriguez,Male,1981-05-24,United Kingdom
1552,David Winning,Male,2025-02-07,United Kingdom
1553,Tara Subkoff,Female,1941-07-14,United States
1554,Russell Friedenberg,Male,2024-07-26,United States
1555,Zak Penn,Male,2024-05-21,United Kingdom
1556,Mathieu Amalric,Male,1942-04-10,United States
1557,David Worth,Male,1981-09-27,United States
1558,Leslie H. Martinson,Male,1989-03-30,United Kingdom
1559,Robert M. Young,Male,1930-07-08,United States
1560,Steve Buscemi,Male,1942-01-06,United States
1561,Ham Tran,Male,1939-05-30,United Kingdom
1562,Michael D. Olmos,Male,2022-02-14,United States
1563,Giovanni Zelko,Male,1977-08-19,United Kingdom
1564,Jamie Babbit,Female,1968-05-22,United Kingdom
1565,David Boyd,Male,1936-04-29,United States
1566,Anna Muylaert,Female,1990-10-31,United Kingdom
1567,Steve Taylor,Male,1995-11-11,United States
1568,Laurent Bouhnik,Male,1958-06-13,United States
1569,David Caffrey,Male,1938-01-03,United Kingdom
1570,Adam Jay Epstein,Male,1967-03-18,United States
1571,Ossie Davis,Male,1931-02-06,United States
1572,Jeff Burr,Male,1969-11-10,United States
1573,Guy Maddin,Male,1962-10-07,United States
1574,Regardt van den Bergh,Male,1956-07-20,United Kingdom
1575,Matthew R. Anderson,Male,1983-04-10,United States
1576,Joel Anderson,Male,1932-11-03,United Kingdom
1577,Douglas Trumbull,Male,1953-07-19,United Kingdom
1578,Mona Lerche,Female,1957-11-23,United States
1579,Clive Barker,Male,1937-04-30,United Kingdom
1580,Harold Cronk,Male,1986-02-21,United States
1581,Takao Okawara,Male,1933-06-21,United States
1582,Robert D. Webb,Male,1952-08-24,United Kingdom
1583,Allan Dwan,Male,1989-07-21,United States
1584,Ben Lewin,Male,1985-10-10,United Kingdom
1585,Robert Kenner,Male,2020-04-16,United States
1586,Craig Johnson,Male,1985-07-13,United States
1587,Sean Durkin,Male,1931-08-18,United States
1588,Gillian Robespierre,Female,2020-08-20,United Kingdom
1589,Courtney Hunt,Female,1986-01-06,United States
1590,Morgan Neville,Male,1936-09-04,United States
1591,Greg Berlanti,Male,1939-02-08,United Kingdom
1592,Marc Levin,Male,1967-07-11,United States
1593,Richard Dutcher,Male,1969-05-21,United Kingdom
1594,Goran Dukic,Male,1994-02-27,United States
1595,Mike Cahill,Male,1953-03-14,United Kingdom
1596,Kyle Rankin,Male,1957-12-18,United Kingdom
1597,Joshua Oppenheimer,Male,1933-09-11,United States
1598,Alex Gibney,Male,1963-08-24,United States
1599,Paul Crowder,Male,1961-07-16,United States
1600,Kief Davidson,Male,1949-06-04,United Kingdom
1601,Ti West,Male,1939-02-26,United Kingdom
1602,Nick Tomnay,Male,1957-11-14,United States
1603,Nickolas Perry,Male,1954-04-27,United States
1604,Dan Zukovic,Male,1955-05-06,United States
1605,Benjamin Dickinson,Male,1983-09-02,United Kingdom
1606,Frank Whaley,Male,1946-09-08,United Kingdom
1607,Katherine Brooks,Female,1976-04-12,United Kingdom
1608,David Cross,Male,1968-08-16,United Kingdom
1609,Mary Pat Kelly,Female,1942-02-04,United Kingdom
1610,Lori Petty,Female,1952-07-16,United Kingdom
1611,Kevin Hamedani,Male,1972-07-19,United Kingdom
1612,David DeCoteau,Male,1961-08-22,United States
1613,Stefan C. Schaefer,Male,2022-12-16,United States
1614,Michael Taliferro,Male,1984-02-28,United States
1615,Katie Aselton,Female,2023-06-10,United States
1616,Jonathan Meyers,Male,1982-02-23,United Kingdom
1617,Ralph Nelson,Male,2027-07-10,United Kingdom
1618,Allison Burnett,Female,1935-04-19,United States
1619,Richard Schenkman,Male,2024-12-23,United Kingdom
1620,Cristian Mungiu,Male,1947-03-19,United Kingdom
1621,Maryam Keshavarz,Female,1953-05-30,United States
1622,C. Jay Cox,Male,1939-01-12,United Kingdom
1623,Tommy Oliver,Male,1941-07-15,United States
1624,Rich Christiano,Male,1986-06-10,United Kingdom
1625,Asghar Farhadi,Male,1956-09-03,United States
1626,G.W. Pabst,Male,1935-08-25,United Kingdom
1627,Michael Burke,Male,1932-07-25,United States
1628,Catherine Jelski,Female,2023-09-20,United States
1629,Ryan Little,Male,1954-03-25,United States
1630,Dave Willis,Male,1971-01-24,United Kingdom
1631,Ben Wheatley,Male,1964-03-05,United States
1632,Christopher Hutson,Male,1969-01-19,United Kingdom
1633,David LaChapelle,Male,1979-07-04,United Kingdom
1634,Christopher Scott Cherot,Male,1934-03-24,United Kingdom
1635,H.M. Coakley,Male,2026-11-13,United Kingdom
1636,Bill Benenson,Male,1950-12-08,United Kingdom
1637,Mark Sandrich,Male,1950-01-16,United Kingdom
1638,Daniel Myrick,Male,1932-02-07,United Kingdom
1639,Michael Wadleigh,Male,1953-11-09,United States
1640,Scott Ziehl,Male,1990-01-02,United Kingdom
1641,Richard Montoya,Male,1984-03-24,United States
1642,Michael Walker,Male,1994-08-05,United Kingdom
1643,Amy Holden Jones,Female,1940-08-16,United States
1644,Joe Camp,Male,1953-09-05,United States
1645,Matt Walsh,Male,1955-07-03,United States
1646,Marilyn Agrelo,Female,1952-09-12,United Kingdom
1647,Brian Baugh,Male,1935-12-23,United States
1648,Patrick Creadon,Male,1959-07-15,United States
1649,Barry W. Blaustein,Male,2022-11-20,United States
1650,Kurt Hale,Male,1947-03-02,United Kingdom
1651,Greg Harrison,Male,1994-05-24,United States
1652,Eric Schaeffer,Male,1978-05-23,United Kingdom
1653,Neema Barnette,Female,1988-04-03,United States
1654,Marius Markevicius,Male,1967-03-17,United Kingdom
1655,Tom DiCillo,Male,2024-03-24,United States
1656,Alex Smith,Male,1979-08-25,United Kingdom
1657,Gareth Edwards,Male,1955-10-10,United States
1658,Jonathan Parker,Male,1967-07-10,United States
1659,Alex Craig Mann,Male,1950-03-15,United States
1660,Stephen Kijak,Male,1973-03-08,United Kingdom
1661,Michael Hoffman Jr.,Male,1965-10-17,United Kingdom
1662,Jack Heller,Male,1959-07-02,United States
1663,Lloyd Bacon,Male,1933-05-21,United Kingdom
1664,Jonathan Caouette,Male,2020-01-31,United Kingdom
1665,Lucio Fulci,Male,1964-06-28,United States
1666,Paul Fox,Male,2022-06-18,United Kingdom
1667,Ingmar Bergman,Male,1954-11-06,United States
1668,D.W. Griffith,Male,1950-12-07,United Kingdom
1669,Harry Beaumont,Male,1966-11-20,United Kingdom
1670,Franck Khalfoun,Male,1957-06-12,United States
1671,Sam Firstenberg,Male,1980-06-24,United Kingdom
1672,Doug Block,Male,1953-04-29,United States
1673,Yorgos Lanthimos,Male,1931-01-31,United States
1674,Gregory Widen,Male,1942-03-08,United States
1675,Niall Johnson,Male,1980-10-22,United States
1676,Eric Mendelsohn,Male,1976-05-05,United States
1677,Jean-Luc Godard,Male,1935-01-17,United Kingdom
1678,Michael Roemer,Male,1939-10-08,United States
1679,Babar Ahmed,Male,1947-05-23,United Kingdom
1680,John D. Hancock,Male,1961-09-27,United Kingdom
1681,Paul Bartel,Male,2023-07-23,United States
1682,Jason Marsden,Male,1969-06-10,United Kingdom
1683,Herb Freed,Male,1992-12-12,United Kingdom
1684,Maria Maggenti,Female,1992-07-31,United States
1685,Drake Doremus,Male,1969-04-16,United States
1686,Hilary Brougher,Female,1991-09-10,United Kingdom
1687,Corbin Bernsen,Male,1956-04-26,United States
1688,Eugène Lourié,Male,1930-12-16,United States
1689,Carl Theodor Dreyer,Male,1956-06-16,United States
1690,Marianna Palka,Female,1930-08-24,United States
1691,Ricki Stern,Female,1952-01-08,United Kingdom
1692,Majid Majidi,Male,1958-07-23,United Kingdom
1693,Andrew Haigh,Male,1981-06-17,United States
1694,Nicolae Constantin Tanase,Male,1963-12-08,United States
1695,Bill Melendez,Male,1993-06-25,United States
1696,Lynn Shelton,Female,1934-08-25,United Kingdom
1697,David Hewlett,Male,1984-05-08,United Kingdom
1698,Nate Parker,Male,1980-12-19,United States
1699,Robert Townsend,Male,1975-09-14,United Kingdom
1700,Larry Blamire,Male,1931-08-28,United Kingdom
1701,Stephen Langford,Male,1968-05-29,United States
1702,Dan Reed,Male,1950-04-17,United Kingdom
1703,John Reinhardt,Male,1936-04-27,United Kingdom
1704,László Benedek,Male,1995-11-27,United States
1705,Julie Davis,Female,1942-12-21,United States
1706,Brett Piper,Male,1981-03-15,United Kingdom
1707,Brandon Trost,Male,1945-03-02,United States
1708,Bruno Barreto,Male,1964-04-21,United Kingdom
1709,Lena Dunham,Female,1957-01-01,United Kingdom
1710,Jem Cohen,Male,1948-05-24,United Kingdom
1711,Andrew Leman,Male,1987-12-03,United Kingdom
1712,William Eubank,Male,2025-11-21,United Kingdom
1713,Malcolm Goodwin,Male,1991-11-11,United Kingdom
1714,Kevin Jordan,Male,1945-04-14,United Kingdom
1715,Bradley Rust Gray,Male,1970-01-07,United States
1716,Eric Eason,Male,1989-02-16,United States
1717,Marcus Nispel,Male,1962-01-20,United Kingdom
1718,Daryl Wein,Male,1946-11-11,United States
1719,Jafar Panahi,Male,1950-10-14,United Kingdom
1720,Kiyoshi Kurosawa,Male,1956-08-11,United Kingdom
1721,Shane Carruth,Male,1990-05-31,United Kingdom
1722,Daniel Hsia,Male,1944-07-28,United Kingdom
1723,Brian Herzlinger,Male,1993-03-08,United Kingdom